{
  "step": "04_reconstruct",
  "n_angles": 360,
  "n_det": 256,
  "I0_estimated": 38627.8828125,
  "recon_size": 256,
  "fbp_mu_range": [
    -0.08997914664979968,
    0.028013149388814013
  ],
  "sart_mu_range": [
    -0.13556045293807983,
    0.09117905050516129
  ],
  "sart_tv_mu_range": [
    0.0,
    0.13189736008644104
  ],
  "truth_hu_range": [
    -961.0,
    1049.0
  ]
}
