{
  "step": "04_reconstruct",
  "n_angles": 360,
  "n_det": 256,
  "I0_estimated": 38160.00390625,
  "recon_size": 256,
  "fbp_mu_range": [
    -0.08478698268908788,
    0.031096231801441186
  ],
  "sart_mu_range": [
    -0.12147818505764008,
    0.0729590654373169
  ],
  "sart_tv_mu_range": [
    0.0,
    0.10093212127685547
  ],
  "truth_hu_range": [
    -961.0,
    1049.0
  ]
}
