{
  "step": "04_reconstruct",
  "n_angles": 360,
  "n_det": 256,
  "I0_estimated": 38028.15234375,
  "recon_size": 256,
  "fbp_mu_range": [
    -0.09047712226482996,
    0.029280009201228946
  ],
  "sart_mu_range": [
    -0.12525548040866852,
    0.08215237408876419
  ],
  "sart_tv_mu_range": [
    0.0,
    0.11147242039442062
  ],
  "truth_hu_range": [
    -961.0,
    1049.0
  ]
}
