{
  "step": "04_reconstruct",
  "n_angles": 360,
  "n_det": 256,
  "I0_estimated": 39062.16796875,
  "recon_size": 256,
  "fbp_mu_range": [
    -0.09172516240554168,
    0.02764141056852136
  ],
  "sart_mu_range": [
    -0.13709555566310883,
    0.09170982986688614
  ],
  "sart_tv_mu_range": [
    0.0,
    0.13819679617881775
  ],
  "truth_hu_range": [
    -961.0,
    1049.0
  ]
}
