{
  "step": "04_reconstruct",
  "n_angles": 360,
  "n_det": 256,
  "I0_estimated": 47704.0234375,
  "recon_size": 256,
  "fbp_mu_range": [
    -0.09301066434558716,
    0.07873248124927268
  ],
  "sart_mu_range": [
    -0.12466096132993698,
    0.10592862218618393
  ],
  "sart_tv_mu_range": [
    0.0,
    0.19163279235363007
  ],
  "truth_hu_range": [
    -961.0,
    1049.0
  ]
}
