{
  "step": "04_reconstruct",
  "n_angles": 360,
  "n_det": 256,
  "I0_estimated": 39160.3828125,
  "recon_size": 256,
  "fbp_mu_range": [
    -0.09186483040937694,
    0.027349936464415824
  ],
  "sart_mu_range": [
    -0.1356777846813202,
    0.0938076600432396
  ],
  "sart_tv_mu_range": [
    0.0,
    0.14774347841739655
  ],
  "truth_hu_range": [
    -961.0,
    1049.0
  ]
}
