{
  "step": "04_reconstruct",
  "n_angles": 360,
  "n_det": 256,
  "I0_estimated": 38828.1875,
  "recon_size": 256,
  "fbp_mu_range": [
    -0.09072065355117832,
    0.02794351660351207
  ],
  "sart_mu_range": [
    -0.13549430668354034,
    0.09191344678401947
  ],
  "sart_tv_mu_range": [
    0.0,
    0.13147909939289093
  ],
  "truth_hu_range": [
    -961.0,
    1049.0
  ]
}
