{
  "step": "04_reconstruct",
  "n_angles": 360,
  "n_det": 256,
  "I0_estimated": 39373.3828125,
  "recon_size": 256,
  "fbp_mu_range": [
    -0.09240241018888457,
    0.027132539665564778
  ],
  "sart_mu_range": [
    -0.13454698026180267,
    0.09241439402103424
  ],
  "sart_tv_mu_range": [
    0.0,
    0.1428200900554657
  ],
  "truth_hu_range": [
    -961.0,
    1049.0
  ]
}
