{
  "step": "04_reconstruct",
  "n_angles": 360,
  "n_det": 256,
  "I0_estimated": 38000.30078125,
  "recon_size": 256,
  "fbp_mu_range": [
    -0.09091714157640436,
    0.030348445758025713
  ],
  "sart_mu_range": [
    -0.12148775160312653,
    0.07697279006242752
  ],
  "sart_tv_mu_range": [
    0.0,
    0.10360825806856155
  ],
  "truth_hu_range": [
    -961.0,
    1049.0
  ]
}