{
  "step": "04_reconstruct",
  "n_angles": 360,
  "n_det": 256,
  "I0_estimated": 43658.8046875,
  "recon_size": 256,
  "fbp_mu_range": [
    -0.09393076282966652,
    0.02746303499777573
  ],
  "sart_mu_range": [
    -0.13019201159477234,
    0.09118025749921799
  ],
  "sart_tv_mu_range": [
    0.0,
    0.12713153660297394
  ],
  "truth_hu_range": [
    -961.0,
    1049.0
  ]
}
