{
  "step": "04_reconstruct",
  "n_angles": 360,
  "n_det": 256,
  "I0_estimated": 42127.9921875,
  "recon_size": 256,
  "fbp_mu_range": [
    -0.08781745879298236,
    0.02637650965904157
  ],
  "sart_mu_range": [
    -0.09722400456666946,
    0.06673209369182587
  ],
  "sart_tv_mu_range": [
    0.0,
    0.12435871362686157
  ],
  "truth_hu_range": [
    -961.0,
    1049.0
  ]
}
