{
  "step": "04_reconstruct",
  "n_angles": 360,
  "n_det": 256,
  "I0_estimated": 39484.6796875,
  "recon_size": 256,
  "fbp_mu_range": [
    -0.0924401323861916,
    0.0270464011996401
  ],
  "sart_mu_range": [
    -0.13415995240211487,
    0.09455098956823349
  ],
  "sart_tv_mu_range": [
    0.0,
    0.15033341944217682
  ],
  "truth_hu_range": [
    -961.0,
    1049.0
  ]
}
