{
  "step": "04_reconstruct",
  "n_angles": 360,
  "n_det": 256,
  "I0_estimated": 37755.3125,
  "recon_size": 256,
  "fbp_mu_range": [
    -0.09121819122416268,
    0.03557265050571904
  ],
  "sart_mu_range": [
    -0.12190879881381989,
    0.07281533628702164
  ],
  "sart_tv_mu_range": [
    0.0,
    0.11990397423505783
  ],
  "truth_hu_range": [
    -961.0,
    1049.0
  ]
}
