{
  "step": "04_reconstruct",
  "n_angles": 360,
  "n_det": 256,
  "I0_estimated": 47918.51171875,
  "recon_size": 256,
  "fbp_mu_range": [
    -0.08879311673553653,
    0.05190937131169633
  ],
  "sart_mu_range": [
    -0.11259103566408157,
    0.0842323824763298
  ],
  "sart_tv_mu_range": [
    0.0,
    0.1668325662612915
  ],
  "truth_hu_range": [
    -961.0,
    1049.0
  ]
}
