{
  "step": "04_reconstruct",
  "n_angles": 360,
  "n_det": 256,
  "I0_estimated": 39265.33203125,
  "recon_size": 256,
  "fbp_mu_range": [
    -0.09210614831295266,
    0.02742915958870992
  ],
  "sart_mu_range": [
    -0.1358313411474228,
    0.09382843226194382
  ],
  "sart_tv_mu_range": [
    0.0,
    0.14187443256378174
  ],
  "truth_hu_range": [
    -961.0,
    1049.0
  ]
}
