{
  "step": "04_reconstruct",
  "n_angles": 360,
  "n_det": 256,
  "I0_estimated": 42189.71484375,
  "recon_size": 256,
  "fbp_mu_range": [
    -0.0950229666196583,
    0.02552046611731438
  ],
  "sart_mu_range": [
    -0.13121956586837769,
    0.09200326353311539
  ],
  "sart_tv_mu_range": [
    0.0,
    0.11930284649133682
  ],
  "truth_hu_range": [
    -961.0,
    1049.0
  ]
}
