{
  "step": "04_reconstruct",
  "n_angles": 360,
  "n_det": 256,
  "I0_estimated": 40307.01171875,
  "recon_size": 256,
  "fbp_mu_range": [
    -0.09226270075809902,
    0.02729275839581182
  ],
  "sart_mu_range": [
    -0.1376311480998993,
    0.09599243104457855
  ],
  "sart_tv_mu_range": [
    0.0,
    0.14940102398395538
  ],
  "truth_hu_range": [
    -961.0,
    1049.0
  ]
}
