{
  "step": "04_reconstruct",
  "n_angles": 360,
  "n_det": 256,
  "I0_estimated": 40638.5546875,
  "recon_size": 256,
  "fbp_mu_range": [
    -0.09245904082993119,
    0.02720156584195175
  ],
  "sart_mu_range": [
    -0.1368592232465744,
    0.0961599349975586
  ],
  "sart_tv_mu_range": [
    0.0,
    0.1385161429643631
  ],
  "truth_hu_range": [
    -961.0,
    1049.0
  ]
}
