{
  "step": "04_reconstruct",
  "n_angles": 360,
  "n_det": 256,
  "I0_estimated": 41633.015625,
  "recon_size": 256,
  "fbp_mu_range": [
    -0.08724068320036452,
    0.028622554622921084
  ],
  "sart_mu_range": [
    -0.101416677236557,
    0.06437033414840698
  ],
  "sart_tv_mu_range": [
    0.0,
    0.11084232479333878
  ],
  "truth_hu_range": [
    -961.0,
    1049.0
  ]
}
