{
  "step": "04_reconstruct",
  "n_angles": 360,
  "n_det": 256,
  "I0_estimated": 38455.6328125,
  "recon_size": 256,
  "fbp_mu_range": [
    -0.09071205449992524,
    0.027914606510345323
  ],
  "sart_mu_range": [
    -0.1354149878025055,
    0.08996361494064331
  ],
  "sart_tv_mu_range": [
    0.0,
    0.11902113258838654
  ],
  "truth_hu_range": [
    -961.0,
    1049.0
  ]
}
