{
  "step": "04_reconstruct",
  "n_angles": 360,
  "n_det": 256,
  "I0_estimated": 47931.1796875,
  "recon_size": 256,
  "fbp_mu_range": [
    -0.09324609962222168,
    0.07493531657635892
  ],
  "sart_mu_range": [
    -0.12692134082317352,
    0.1052483394742012
  ],
  "sart_tv_mu_range": [
    0.0,
    0.1742040514945984
  ],
  "truth_hu_range": [
    -961.0,
    1049.0
  ]
}
