{
  "step": "04_reconstruct",
  "n_angles": 360,
  "n_det": 256,
  "I0_estimated": 40834.12890625,
  "recon_size": 256,
  "fbp_mu_range": [
    -0.09289152043655277,
    0.02676684622094661
  ],
  "sart_mu_range": [
    -0.1366845667362213,
    0.09628989547491074
  ],
  "sart_tv_mu_range": [
    0.0,
    0.136456698179245
  ],
  "truth_hu_range": [
    -961.0,
    1049.0
  ]
}
