{
  "step": "04_reconstruct",
  "n_angles": 360,
  "n_det": 256,
  "I0_estimated": 41410.05078125,
  "recon_size": 256,
  "fbp_mu_range": [
    -0.09418118874417031,
    0.02637791225721568
  ],
  "sart_mu_range": [
    -0.13600292801856995,
    0.09710333496332169
  ],
  "sart_tv_mu_range": [
    0.0,
    0.12472191452980042
  ],
  "truth_hu_range": [
    -961.0,
    1049.0
  ]
}
