{
  "step": "04_reconstruct",
  "n_angles": 360,
  "n_det": 256,
  "I0_estimated": 41914.67578125,
  "recon_size": 256,
  "fbp_mu_range": [
    -0.09468553227327374,
    0.02567760741696844
  ],
  "sart_mu_range": [
    -0.13235312700271606,
    0.09325559437274933
  ],
  "sart_tv_mu_range": [
    0.0,
    0.1179419532418251
  ],
  "truth_hu_range": [
    -961.0,
    1049.0
  ]
}
