{
  "step": "04_reconstruct",
  "n_angles": 360,
  "n_det": 256,
  "I0_estimated": 38015.234375,
  "recon_size": 256,
  "fbp_mu_range": [
    -0.09067688893726468,
    0.029848455017770607
  ],
  "sart_mu_range": [
    -0.12303848564624786,
    0.0785684585571289
  ],
  "sart_tv_mu_range": [
    0.0,
    0.10616844147443771
  ],
  "truth_hu_range": [
    -961.0,
    1049.0
  ]
}
