{
  "step": "04_reconstruct",
  "n_angles": 360,
  "n_det": 256,
  "I0_estimated": 38891.24609375,
  "recon_size": 256,
  "fbp_mu_range": [
    -0.09105898153606198,
    0.028084678936625657
  ],
  "sart_mu_range": [
    -0.13792549073696136,
    0.09318087995052338
  ],
  "sart_tv_mu_range": [
    0.0,
    0.1388668566942215
  ],
  "truth_hu_range": [
    -961.0,
    1049.0
  ]
}
