{
  "step": "04_reconstruct",
  "n_angles": 360,
  "n_det": 256,
  "I0_estimated": 40464.97265625,
  "recon_size": 256,
  "fbp_mu_range": [
    -0.09217150820423896,
    0.027189170306611374
  ],
  "sart_mu_range": [
    -0.13925424218177795,
    0.09605065733194351
  ],
  "sart_tv_mu_range": [
    0.0,
    0.13417501747608185
  ],
  "truth_hu_range": [
    -961.0,
    1049.0
  ]
}
