{
  "step": "04_reconstruct",
  "n_angles": 360,
  "n_det": 256,
  "I0_estimated": 37749.06640625,
  "recon_size": 256,
  "fbp_mu_range": [
    -0.09138418309583943,
    0.035167252288315666
  ],
  "sart_mu_range": [
    -0.12134581059217453,
    0.07237226516008377
  ],
  "sart_tv_mu_range": [
    0.0,
    0.13845308125019073
  ],
  "truth_hu_range": [
    -961.0,
    1049.0
  ]
}
