{
  "step": "04_reconstruct",
  "n_angles": 360,
  "n_det": 256,
  "I0_estimated": 41021.8515625,
  "recon_size": 256,
  "fbp_mu_range": [
    -0.09340443934436628,
    0.02697997900298565
  ],
  "sart_mu_range": [
    -0.13794183731079102,
    0.09671840816736221
  ],
  "sart_tv_mu_range": [
    0.0,
    0.1357729732990265
  ],
  "truth_hu_range": [
    -961.0,
    1049.0
  ]
}
