{
  "step": "04_reconstruct",
  "n_angles": 360,
  "n_det": 256,
  "I0_estimated": 38117.52734375,
  "recon_size": 256,
  "fbp_mu_range": [
    -0.09019586286303881,
    0.029013870636293695
  ],
  "sart_mu_range": [
    -0.12821228802204132,
    0.08341547101736069
  ],
  "sart_tv_mu_range": [
    0.0,
    0.11017853766679764
  ],
  "truth_hu_range": [
    -961.0,
    1049.0
  ]
}
