{
  "step": "04_reconstruct",
  "n_angles": 360,
  "n_det": 256,
  "I0_estimated": 39845.890625,
  "recon_size": 256,
  "fbp_mu_range": [
    -0.09227953785432406,
    0.027064031326056427
  ],
  "sart_mu_range": [
    -0.1352986991405487,
    0.09446131438016891
  ],
  "sart_tv_mu_range": [
    0.0,
    0.16052721440792084
  ],
  "truth_hu_range": [
    -961.0,
    1049.0
  ]
}
