{
  "step": "04_reconstruct",
  "n_angles": 360,
  "n_det": 256,
  "I0_estimated": 40579.3515625,
  "recon_size": 256,
  "fbp_mu_range": [
    -0.08614466813094604,
    0.03681699772971918
  ],
  "sart_mu_range": [
    -0.09991835802793503,
    0.06859475374221802
  ],
  "sart_tv_mu_range": [
    0.0,
    0.10838709771633148
  ],
  "truth_hu_range": [
    -961.0,
    1049.0
  ]
}
