{
  "step": "04_reconstruct",
  "n_angles": 360,
  "n_det": 256,
  "I0_estimated": 47345.4375,
  "recon_size": 256,
  "fbp_mu_range": [
    -0.09293883593191984,
    0.07985344717903732
  ],
  "sart_mu_range": [
    -0.125791534781456,
    0.11011715978384018
  ],
  "sart_tv_mu_range": [
    0.0,
    0.1792103350162506
  ],
  "truth_hu_range": [
    -961.0,
    1049.0
  ]
}
