{
  "step": "04_reconstruct",
  "n_angles": 360,
  "n_det": 256,
  "I0_estimated": 48070.640625,
  "recon_size": 256,
  "fbp_mu_range": [
    -0.09138860986138474,
    0.061144426860035614
  ],
  "sart_mu_range": [
    -0.11853674054145813,
    0.09606068581342697
  ],
  "sart_tv_mu_range": [
    0.0,
    0.15371303260326385
  ],
  "truth_hu_range": [
    -961.0,
    1049.0
  ]
}
