{
  "step": "04_reconstruct",
  "n_angles": 360,
  "n_det": 256,
  "I0_estimated": 37933.12890625,
  "recon_size": 256,
  "fbp_mu_range": [
    -0.09115737646113678,
    0.032169503475150386
  ],
  "sart_mu_range": [
    -0.12385242432355881,
    0.07474005967378616
  ],
  "sart_tv_mu_range": [
    0.0,
    0.11287087202072144
  ],
  "truth_hu_range": [
    -961.0,
    1049.0
  ]
}
