{
  "step": "04_reconstruct",
  "n_angles": 360,
  "n_det": 256,
  "I0_estimated": 40015.859375,
  "recon_size": 256,
  "fbp_mu_range": [
    -0.09215886706626471,
    0.02728771318508006
  ],
  "sart_mu_range": [
    -0.1382008194923401,
    0.09409474581480026
  ],
  "sart_tv_mu_range": [
    0.0,
    0.1523735672235489
  ],
  "truth_hu_range": [
    -961.0,
    1049.0
  ]
}
