{
  "step": "04_reconstruct",
  "n_angles": 360,
  "n_det": 256,
  "I0_estimated": 41647.2734375,
  "recon_size": 256,
  "fbp_mu_range": [
    -0.09434145186043552,
    0.0260526071300625
  ],
  "sart_mu_range": [
    -0.13282813131809235,
    0.09416068345308304
  ],
  "sart_tv_mu_range": [
    0.0,
    0.11982151865959167
  ],
  "truth_hu_range": [
    -961.0,
    1049.0
  ]
}
