{
  "step": "04_reconstruct",
  "n_angles": 360,
  "n_det": 256,
  "I0_estimated": 43911.28125,
  "recon_size": 256,
  "fbp_mu_range": [
    -0.08894043688890396,
    0.03309097496672507
  ],
  "sart_mu_range": [
    -0.10738831758499146,
    0.07743873447179794
  ],
  "sart_tv_mu_range": [
    0.0,
    0.14001472294330597
  ],
  "truth_hu_range": [
    -961.0,
    1049.0
  ]
}
