{
  "step": "04_reconstruct",
  "n_angles": 360,
  "n_det": 256,
  "I0_estimated": 43423.65625,
  "recon_size": 256,
  "fbp_mu_range": [
    -0.08886416987341984,
    0.02764224502566292
  ],
  "sart_mu_range": [
    -0.10516303777694702,
    0.07472912222146988
  ],
  "sart_tv_mu_range": [
    0.0,
    0.1252191811800003
  ],
  "truth_hu_range": [
    -961.0,
    1049.0
  ]
}
