{
  "step": "04_reconstruct",
  "n_angles": 360,
  "n_det": 256,
  "I0_estimated": 37821.8203125,
  "recon_size": 256,
  "fbp_mu_range": [
    -0.09019388028756065,
    0.037314630092875625
  ],
  "sart_mu_range": [
    -0.1247672289609909,
    0.07295005023479462
  ],
  "sart_tv_mu_range": [
    0.0,
    0.09972625225782394
  ],
  "truth_hu_range": [
    -961.0,
    1049.0
  ]
}
