{
  "step": "04_reconstruct",
  "n_angles": 360,
  "n_det": 256,
  "I0_estimated": 48149.22265625,
  "recon_size": 256,
  "fbp_mu_range": [
    -0.09006265154531305,
    0.05349452030132603
  ],
  "sart_mu_range": [
    -0.11485793441534042,
    0.0895543172955513
  ],
  "sart_tv_mu_range": [
    0.0,
    0.13603900372982025
  ],
  "truth_hu_range": [
    -961.0,
    1049.0
  ]
}
