{
  "step": "04_reconstruct",
  "n_angles": 360,
  "n_det": 256,
  "I0_estimated": 38206.3515625,
  "recon_size": 256,
  "fbp_mu_range": [
    -0.09023051946602438,
    0.0286286887706319
  ],
  "sart_mu_range": [
    -0.13099969923496246,
    0.08488356322050095
  ],
  "sart_tv_mu_range": [
    0.0,
    0.12301749736070633
  ],
  "truth_hu_range": [
    -961.0,
    1049.0
  ]
}
