{
  "step": "04_reconstruct",
  "n_angles": 360,
  "n_det": 256,
  "I0_estimated": 37890.08984375,
  "recon_size": 256,
  "fbp_mu_range": [
    -0.08981790704113476,
    0.03804109605223108
  ],
  "sart_mu_range": [
    -0.1248106136918068,
    0.07305784523487091
  ],
  "sart_tv_mu_range": [
    0.0,
    0.09680041670799255
  ],
  "truth_hu_range": [
    -961.0,
    1049.0
  ]
}