{
  "step": "04_reconstruct",
  "n_angles": 360,
  "n_det": 256,
  "I0_estimated": 47085.5546875,
  "recon_size": 256,
  "fbp_mu_range": [
    -0.09308101914345131,
    0.07924697438119721
  ],
  "sart_mu_range": [
    -0.13412393629550934,
    0.10905200242996216
  ],
  "sart_tv_mu_range": [
    0.0,
    0.18431329727172852
  ],
  "truth_hu_range": [
    -961.0,
    1049.0
  ]
}
