{
  "step": "04_reconstruct",
  "n_angles": 360,
  "n_det": 256,
  "I0_estimated": 45616.578125,
  "recon_size": 256,
  "fbp_mu_range": [
    -0.08843053623032586,
    0.04282554780445901
  ],
  "sart_mu_range": [
    -0.10368305444717407,
    0.07521431893110275
  ],
  "sart_tv_mu_range": [
    0.0,
    0.12350550293922424
  ],
  "truth_hu_range": [
    -961.0,
    1049.0
  ]
}
