{
  "step": "04_reconstruct",
  "n_angles": 360,
  "n_det": 256,
  "I0_estimated": 37983.6484375,
  "recon_size": 256,
  "fbp_mu_range": [
    -0.0910075766088877,
    0.030381723435380197
  ],
  "sart_mu_range": [
    -0.12256310135126114,
    0.07467228919267654
  ],
  "sart_tv_mu_range": [
    0.0,
    0.10820081830024719
  ],
  "truth_hu_range": [
    -961.0,
    1049.0
  ]
}
