{
  "step": "04_reconstruct",
  "n_angles": 360,
  "n_det": 256,
  "I0_estimated": 38971.63671875,
  "recon_size": 256,
  "fbp_mu_range": [
    -0.09130862625664601,
    0.027956950771677584
  ],
  "sart_mu_range": [
    -0.13599459826946259,
    0.09394727647304535
  ],
  "sart_tv_mu_range": [
    0.0,
    0.1391676664352417
  ],
  "truth_hu_range": [
    -961.0,
    1049.0
  ]
}
