{
  "step": "04_reconstruct",
  "n_angles": 360,
  "n_det": 256,
  "I0_estimated": 38001.11328125,
  "recon_size": 256,
  "fbp_mu_range": [
    -0.09102937902101181,
    0.030227689156997885
  ],
  "sart_mu_range": [
    -0.10015520453453064,
    0.04900975897908211
  ],
  "sart_tv_mu_range": [
    0.0,
    0.04900975897908211
  ],
  "truth_hu_range": [
    -961.0,
    1049.0
  ]
}