{
  "step": "04_reconstruct",
  "n_angles": 360,
  "n_det": 256,
  "I0_estimated": 37969.33984375,
  "recon_size": 256,
  "fbp_mu_range": [
    -0.09098151313901946,
    0.03143015373425471
  ],
  "sart_mu_range": [
    -0.12313651293516159,
    0.07515494525432587
  ],
  "sart_tv_mu_range": [
    0.0,
    0.11306507885456085
  ],
  "truth_hu_range": [
    -961.0,
    1049.0
  ]
}
