{
  "step": "04_reconstruct",
  "n_angles": 360,
  "n_det": 256,
  "I0_estimated": 38563.8125,
  "recon_size": 256,
  "fbp_mu_range": [
    -0.08989094275449626,
    0.027827225235911943
  ],
  "sart_mu_range": [
    -0.13592901825904846,
    0.09079988300800323
  ],
  "sart_tv_mu_range": [
    0.0,
    0.12591806054115295
  ],
  "truth_hu_range": [
    -961.0,
    1049.0
  ]
}