{
  "step": "04_reconstruct",
  "n_angles": 360,
  "n_det": 256,
  "I0_estimated": 48100.0234375,
  "recon_size": 256,
  "fbp_mu_range": [
    -0.09079890906027636,
    0.056303024887430275
  ],
  "sart_mu_range": [
    -0.11616228520870209,
    0.09147705882787704
  ],
  "sart_tv_mu_range": [
    0.0,
    0.13012926280498505
  ],
  "truth_hu_range": [
    -961.0,
    1049.0
  ]
}
