{
  "step": "04_reconstruct",
  "n_angles": 360,
  "n_det": 256,
  "I0_estimated": 40164.24609375,
  "recon_size": 256,
  "fbp_mu_range": [
    -0.0851638732465559,
    0.02880724484451808
  ],
  "sart_mu_range": [
    -0.10310334712266922,
    0.062595896422863
  ],
  "sart_tv_mu_range": [
    0.0,
    0.10173860937356949
  ],
  "truth_hu_range": [
    -961.0,
    1049.0
  ]
}
