{
  "step": "04_reconstruct",
  "n_angles": 360,
  "n_det": 256,
  "I0_estimated": 38267.08984375,
  "recon_size": 256,
  "fbp_mu_range": [
    -0.0902357570161682,
    0.028200419917600503
  ],
  "sart_mu_range": [
    -0.13217081129550934,
    0.08650194853544235
  ],
  "sart_tv_mu_range": [
    0.0,
    0.11372097581624985
  ],
  "truth_hu_range": [
    -961.0,
    1049.0
  ]
}
