{
  "step": "04_reconstruct",
  "n_angles": 360,
  "n_det": 256,
  "I0_estimated": 45232.2109375,
  "recon_size": 256,
  "fbp_mu_range": [
    -0.0889241205886254,
    0.03900118042054403
  ],
  "sart_mu_range": [
    -0.10385562479496002,
    0.07553499937057495
  ],
  "sart_tv_mu_range": [
    0.0,
    0.12560564279556274
  ],
  "truth_hu_range": [
    -961.0,
    1049.0
  ]
}
