{
  "step": "04_reconstruct",
  "n_angles": 360,
  "n_det": 256,
  "I0_estimated": 46979.93359375,
  "recon_size": 256,
  "fbp_mu_range": [
    -0.08806068233627143,
    0.04891028204078237
  ],
  "sart_mu_range": [
    -0.1101168841123581,
    0.08363568037748337
  ],
  "sart_tv_mu_range": [
    0.0,
    0.1745494157075882
  ],
  "truth_hu_range": [
    -961.0,
    1049.0
  ]
}
