{
  "step": "04_reconstruct",
  "n_angles": 360,
  "n_det": 256,
  "I0_estimated": 46277.890625,
  "recon_size": 256,
  "fbp_mu_range": [
    -0.08798740397934394,
    0.04649526838294096
  ],
  "sart_mu_range": [
    -0.1028793603181839,
    0.0787411704659462
  ],
  "sart_tv_mu_range": [
    0.0,
    0.1593470573425293
  ],
  "truth_hu_range": [
    -961.0,
    1049.0
  ]
}
