{
  "step": "04_reconstruct",
  "n_angles": 360,
  "n_det": 256,
  "I0_estimated": 37780.04296875,
  "recon_size": 256,
  "fbp_mu_range": [
    -0.0909518277700687,
    0.036529044916388295
  ],
  "sart_mu_range": [
    -0.1204533651471138,
    0.07164329290390015
  ],
  "sart_tv_mu_range": [
    0.0,
    0.120247982442379
  ],
  "truth_hu_range": [
    -961.0,
    1049.0
  ]
}
