{
  "step": "04_reconstruct",
  "n_angles": 360,
  "n_det": 256,
  "I0_estimated": 42758.828125,
  "recon_size": 256,
  "fbp_mu_range": [
    -0.08850028146020716,
    0.025700504684207367
  ],
  "sart_mu_range": [
    -0.10053551942110062,
    0.06997295469045639
  ],
  "sart_tv_mu_range": [
    0.0,
    0.1271655261516571
  ],
  "truth_hu_range": [
    -961.0,
    1049.0
  ]
}
