{
  "step": "04_reconstruct",
  "n_angles": 360,
  "n_det": 256,
  "I0_estimated": 38701.52734375,
  "recon_size": 256,
  "fbp_mu_range": [
    -0.09009787628933116,
    0.0278130335463697
  ],
  "sart_mu_range": [
    -0.13773928582668304,
    0.0909975916147232
  ],
  "sart_tv_mu_range": [
    0.0,
    0.1354200839996338
  ],
  "truth_hu_range": [
    -961.0,
    1049.0
  ]
}
