{
  "step": "04_reconstruct",
  "n_angles": 360,
  "n_det": 256,
  "I0_estimated": 39374.9296875,
  "recon_size": 256,
  "fbp_mu_range": [
    -0.0924293732153877,
    0.02697195992903663
  ],
  "sart_mu_range": [
    -0.13572227954864502,
    0.093773752450943
  ],
  "sart_tv_mu_range": [
    0.0,
    0.14660575985908508
  ],
  "truth_hu_range": [
    -961.0,
    1049.0
  ]
}