{
  "step": "04_reconstruct",
  "n_angles": 360,
  "n_det": 256,
  "I0_estimated": 38061.39453125,
  "recon_size": 256,
  "fbp_mu_range": [
    -0.09013414854337805,
    0.029129147043611716
  ],
  "sart_mu_range": [
    -0.1273127943277359,
    0.08232492208480835
  ],
  "sart_tv_mu_range": [
    0.0,
    0.11494943499565125
  ],
  "truth_hu_range": [
    -961.0,
    1049.0
  ]
}
