{
  "step": "04_reconstruct",
  "n_angles": 360,
  "n_det": 256,
  "I0_estimated": 38388.18359375,
  "recon_size": 256,
  "fbp_mu_range": [
    -0.09055663241870822,
    0.028002384299874332
  ],
  "sart_mu_range": [
    -0.13677966594696045,
    0.08881749957799911
  ],
  "sart_tv_mu_range": [
    0.0,
    0.12243377417325974
  ],
  "truth_hu_range": [
    -961.0,
    1049.0
  ]
}
