{
  "step": "04_reconstruct",
  "n_angles": 360,
  "n_det": 256,
  "I0_estimated": 39715.35546875,
  "recon_size": 256,
  "fbp_mu_range": [
    -0.09241029906384697,
    0.027289627701997037
  ],
  "sart_mu_range": [
    -0.136017844080925,
    0.09350667148828506
  ],
  "sart_tv_mu_range": [
    0.0,
    0.15607869625091553
  ],
  "truth_hu_range": [
    -961.0,
    1049.0
  ]
}
