{
  "step": "04_reconstruct",
  "n_angles": 360,
  "n_det": 256,
  "I0_estimated": 42767.99609375,
  "recon_size": 256,
  "fbp_mu_range": [
    -0.095083568329797,
    0.025452016959163586
  ],
  "sart_mu_range": [
    -0.12688538432121277,
    0.08819805085659027
  ],
  "sart_tv_mu_range": [
    0.0,
    0.12696228921413422
  ],
  "truth_hu_range": [
    -961.0,
    1049.0
  ]
}
