{
  "step": "04_reconstruct",
  "n_angles": 360,
  "n_det": 256,
  "I0_estimated": 48219.22265625,
  "recon_size": 256,
  "fbp_mu_range": [
    -0.09184309309674613,
    0.06536221711365224
  ],
  "sart_mu_range": [
    -0.11939142644405365,
    0.10192743688821793
  ],
  "sart_tv_mu_range": [
    0.0,
    0.17160648107528687
  ],
  "truth_hu_range": [
    -961.0,
    1049.0
  ]
}
