{
  "step": "04_reconstruct",
  "n_angles": 360,
  "n_det": 256,
  "I0_estimated": 37989.12890625,
  "recon_size": 256,
  "fbp_mu_range": [
    -0.08794831469267735,
    0.035883479872813706
  ],
  "sart_mu_range": [
    -0.12333880364894867,
    0.07294178754091263
  ],
  "sart_tv_mu_range": [
    0.0,
    0.09685227274894714
  ],
  "truth_hu_range": [
    -961.0,
    1049.0
  ]
}
