{
  "step": "04_reconstruct",
  "n_angles": 360,
  "n_det": 256,
  "I0_estimated": 39279.8203125,
  "recon_size": 256,
  "fbp_mu_range": [
    -0.08348894021937599,
    0.02810203682879722
  ],
  "sart_mu_range": [
    -0.10689940303564072,
    0.06225619092583656
  ],
  "sart_tv_mu_range": [
    0.0,
    0.11140558868646622
  ],
  "truth_hu_range": [
    -961.0,
    1049.0
  ]
}
