{
  "step": "04_reconstruct",
  "n_angles": 360,
  "n_det": 256,
  "I0_estimated": 47516.0390625,
  "recon_size": 256,
  "fbp_mu_range": [
    -0.08817461828584076,
    0.050937370777039206
  ],
  "sart_mu_range": [
    -0.10871410369873047,
    0.0816599503159523
  ],
  "sart_tv_mu_range": [
    0.0,
    0.16192330420017242
  ],
  "truth_hu_range": [
    -961.0,
    1049.0
  ]
}
