{
  "step": "04_reconstruct",
  "n_angles": 360,
  "n_det": 256,
  "I0_estimated": 44629.58203125,
  "recon_size": 256,
  "fbp_mu_range": [
    -0.08913501927441665,
    0.03574208377333776
  ],
  "sart_mu_range": [
    -0.10570674389600754,
    0.07661595940589905
  ],
  "sart_tv_mu_range": [
    0.0,
    0.13886559009552002
  ],
  "truth_hu_range": [
    -961.0,
    1049.0
  ]
}
