{
  "step": "04_reconstruct",
  "n_angles": 360,
  "n_det": 256,
  "I0_estimated": 38775.1484375,
  "recon_size": 256,
  "fbp_mu_range": [
    -0.0905663144888046,
    0.028065589989745548
  ],
  "sart_mu_range": [
    -0.1358843743801117,
    0.0923883318901062
  ],
  "sart_tv_mu_range": [
    0.0,
    0.1339249312877655
  ],
  "truth_hu_range": [
    -961.0,
    1049.0
  ]
}
