{
  "step": "04_reconstruct",
  "n_angles": 360,
  "n_det": 256,
  "I0_estimated": 41209.30078125,
  "recon_size": 256,
  "fbp_mu_range": [
    -0.09379561628154863,
    0.026747408104056906
  ],
  "sart_mu_range": [
    -0.13690003752708435,
    0.0959918200969696
  ],
  "sart_tv_mu_range": [
    0.0,
    0.12265422940254211
  ],
  "truth_hu_range": [
    -961.0,
    1049.0
  ]
}
