{
  "step": "04_reconstruct",
  "n_angles": 360,
  "n_det": 256,
  "I0_estimated": 37864.46484375,
  "recon_size": 256,
  "fbp_mu_range": [
    -0.09122305593175388,
    0.03267744227172544
  ],
  "sart_mu_range": [
    -0.12174785137176514,
    0.07387644797563553
  ],
  "sart_tv_mu_range": [
    0.0,
    0.12430877238512039
  ],
  "truth_hu_range": [
    -961.0,
    1049.0
  ]
}
