{
  "step": "04_reconstruct",
  "n_angles": 360,
  "n_det": 256,
  "I0_estimated": 40157.1328125,
  "recon_size": 256,
  "fbp_mu_range": [
    -0.0922092955010393,
    0.027426330719818683
  ],
  "sart_mu_range": [
    -0.13871945440769196,
    0.09506402909755707
  ],
  "sart_tv_mu_range": [
    0.0,
    0.15628892183303833
  ],
  "truth_hu_range": [
    -961.0,
    1049.0
  ]
}
