{
  "step": "04_reconstruct",
  "n_angles": 360,
  "n_det": 256,
  "I0_estimated": 48212.4375,
  "recon_size": 256,
  "fbp_mu_range": [
    -0.09297055713957057,
    0.07004288843726766
  ],
  "sart_mu_range": [
    -0.12442600727081299,
    0.10106220841407776
  ],
  "sart_tv_mu_range": [
    0.0,
    0.17375236749649048
  ],
  "truth_hu_range": [
    -961.0,
    1049.0
  ]
}
