{
  "step": "04_reconstruct",
  "n_angles": 360,
  "n_det": 256,
  "I0_estimated": 44000.9296875,
  "recon_size": 256,
  "fbp_mu_range": [
    -0.0934972179586089,
    0.027751118010093237
  ],
  "sart_mu_range": [
    -0.13135261833667755,
    0.0925498977303505
  ],
  "sart_tv_mu_range": [
    0.0,
    0.14247673749923706
  ],
  "truth_hu_range": [
    -961.0,
    1049.0
  ]
}
