{
  "step": "04_reconstruct",
  "n_angles": 360,
  "n_det": 256,
  "I0_estimated": 39717.46484375,
  "recon_size": 256,
  "fbp_mu_range": [
    -0.08443826245781715,
    0.027962605550392185
  ],
  "sart_mu_range": [
    -0.10421033948659897,
    0.06058939918875694
  ],
  "sart_tv_mu_range": [
    0.0,
    0.11354407668113708
  ],
  "truth_hu_range": [
    -961.0,
    1049.0
  ]
}
