{
  "step": "04_reconstruct",
  "n_angles": 360,
  "n_det": 256,
  "I0_estimated": 37787.99609375,
  "recon_size": 256,
  "fbp_mu_range": [
    -0.09045065636173033,
    0.03679404719925845
  ],
  "sart_mu_range": [
    -0.12448570132255554,
    0.07178036868572235
  ],
  "sart_tv_mu_range": [
    0.0,
    0.1022360697388649
  ],
  "truth_hu_range": [
    -961.0,
    1049.0
  ]
}
