{
  "step": "04_reconstruct",
  "n_angles": 360,
  "n_det": 256,
  "I0_estimated": 41066.20703125,
  "recon_size": 256,
  "fbp_mu_range": [
    -0.08631071918398035,
    0.03458103431009955
  ],
  "sart_mu_range": [
    -0.10223951190710068,
    0.06663335114717484
  ],
  "sart_tv_mu_range": [
    0.0,
    0.11152157187461853
  ],
  "truth_hu_range": [
    -961.0,
    1049.0
  ]
}