{
  "step": "04_reconstruct",
  "n_angles": 360,
  "n_det": 256,
  "I0_estimated": 43324.92578125,
  "recon_size": 256,
  "fbp_mu_range": [
    -0.09458594780291206,
    0.02712231016791099
  ],
  "sart_mu_range": [
    -0.1301632672548294,
    0.0880621150135994
  ],
  "sart_tv_mu_range": [
    0.0,
    0.12399772554636002
  ],
  "truth_hu_range": [
    -961.0,
    1049.0
  ]
}
