{
  "step": "04_reconstruct",
  "n_angles": 360,
  "n_det": 256,
  "I0_estimated": 37803.07421875,
  "recon_size": 256,
  "fbp_mu_range": [
    -0.09135200619173553,
    0.033956215291416667
  ],
  "sart_mu_range": [
    -0.1205272525548935,
    0.07169952988624573
  ],
  "sart_tv_mu_range": [
    0.0,
    0.12263685464859009
  ],
  "truth_hu_range": [
    -961.0,
    1049.0
  ]
}
