{
  "step": "04_reconstruct",
  "n_angles": 360,
  "n_det": 256,
  "I0_estimated": 38001.19140625,
  "recon_size": 256,
  "fbp_mu_range": [
    -0.09099315411205099,
    0.0302120327288561
  ],
  "sart_mu_range": [
    -0.11997748911380768,
    0.07785706222057343
  ],
  "sart_tv_mu_range": [
    0.0,
    0.1079721450805664
  ],
  "truth_hu_range": [
    -961.0,
    1049.0
  ]
}