{
  "step": "04_reconstruct",
  "n_angles": 360,
  "n_det": 256,
  "I0_estimated": 39602.9375,
  "recon_size": 256,
  "fbp_mu_range": [
    -0.09242730778600894,
    0.02698622263620794
  ],
  "sart_mu_range": [
    -0.13552507758140564,
    0.0926186814904213
  ],
  "sart_tv_mu_range": [
    0.0,
    0.1486036628484726
  ],
  "truth_hu_range": [
    -961.0,
    1049.0
  ]
}
