{
  "step": "04_reconstruct",
  "n_angles": 360,
  "n_det": 256,
  "I0_estimated": 38325.3125,
  "recon_size": 256,
  "fbp_mu_range": [
    -0.09053511407710037,
    0.028126173945476972
  ],
  "sart_mu_range": [
    -0.13418705761432648,
    0.08872676640748978
  ],
  "sart_tv_mu_range": [
    0.0,
    0.11365983635187149
  ],
  "truth_hu_range": [
    -961.0,
    1049.0
  ]
}
