{
  "step": "04_reconstruct",
  "n_angles": 360,
  "n_det": 256,
  "I0_estimated": 42473.85546875,
  "recon_size": 256,
  "fbp_mu_range": [
    -0.09520843507610718,
    0.025260272319745758
  ],
  "sart_mu_range": [
    -0.12826815247535706,
    0.08924516290426254
  ],
  "sart_tv_mu_range": [
    0.0,
    0.1273796707391739
  ],
  "truth_hu_range": [
    -961.0,
    1049.0
  ]
}
