{
  "step": "04_reconstruct",
  "n_angles": 360,
  "n_det": 256,
  "I0_estimated": 38353.95703125,
  "recon_size": 256,
  "fbp_mu_range": [
    -0.08232549982929246,
    0.02891304039835542
  ],
  "sart_mu_range": [
    -0.12207061797380447,
    0.07233205437660217
  ],
  "sart_tv_mu_range": [
    0.0,
    0.11880568414926529
  ],
  "truth_hu_range": [
    -961.0,
    1049.0
  ]
}
