{
  "step": "04_reconstruct",
  "n_angles": 360,
  "n_det": 256,
  "I0_estimated": 38493.66796875,
  "recon_size": 256,
  "fbp_mu_range": [
    -0.09022471969298376,
    0.027808458827430518
  ],
  "sart_mu_range": [
    -0.1358780562877655,
    0.0910191759467125
  ],
  "sart_tv_mu_range": [
    0.0,
    0.12163198739290237
  ],
  "truth_hu_range": [
    -961.0,
    1049.0
  ]
}
