{
  "step": "04_reconstruct",
  "n_angles": 360,
  "n_det": 256,
  "I0_estimated": 43050.40625,
  "recon_size": 256,
  "fbp_mu_range": [
    -0.09475302269343212,
    0.02619349131079557
  ],
  "sart_mu_range": [
    -0.12858860194683075,
    0.08791151642799377
  ],
  "sart_tv_mu_range": [
    0.0,
    0.12957598268985748
  ],
  "truth_hu_range": [
    -961.0,
    1049.0
  ]
}
