{
  "step": "04_reconstruct",
  "n_angles": 360,
  "n_det": 256,
  "I0_estimated": 38598.09765625,
  "recon_size": 256,
  "fbp_mu_range": [
    -0.0822231160807183,
    0.02839108153817503
  ],
  "sart_mu_range": [
    -0.11846362799406052,
    0.06728008389472961
  ],
  "sart_tv_mu_range": [
    0.0,
    0.11855946481227875
  ],
  "truth_hu_range": [
    -961.0,
    1049.0
  ]
}
