{
  "step": "04_reconstruct",
  "n_angles": 360,
  "n_det": 256,
  "I0_estimated": 38903.46484375,
  "recon_size": 256,
  "fbp_mu_range": [
    -0.082942477318099,
    0.02832661232631997
  ],
  "sart_mu_range": [
    -0.11057135462760925,
    0.06331782788038254
  ],
  "sart_tv_mu_range": [
    0.0,
    0.11002124845981598
  ],
  "truth_hu_range": [
    -961.0,
    1049.0
  ]
}
