{
  "step": "02_parse_and_calibrate",
  "input": "output/real_ct/01_raw/FLARE22_Tr_0009_0000.nii",
  "hu_source": "FLARE22 NIfTI 已含 HU (RescaleIntercept=-1024, Slope=1)",
  "hu_verification": {
    "air_min_HU": -1024.0,
    "air_mean_HU": -585.133544921875,
    "liver_mean_HU": 121.95204162597656,
    "spleen_mean_HU": 101.72807312011719,
    "kidney_mean_HU_L": 129.35440063476562,
    "aorta_mean_HU": 104.25145721435547,
    "global_min_HU": -1024.0,
    "global_max_HU": 1328.0,
    "global_mean_HU": -533.0549926757812
  },
  "hu_health": {
    "air": "WARNING (got -585.1, expect ~-1000)",
    "liver": "CHECK (got 122.0, expect ~50-70 HU)"
  },
  "roi_crop": {
    "shape_old_DHW": [
      87,
      512,
      512
    ],
    "shape_new_DHW": [
      87,
      276,
      396
    ],
    "slice_lo_hi_D": [
      0,
      87
    ],
    "slice_lo_hi_H": [
      154,
      430
    ],
    "slice_lo_hi_W": [
      62,
      458
    ],
    "origin_new_xyz_mm": [
      462.2052834033966,
      536.4162538051605,
      0.0
    ],
    "spacing_xyz_mm": [
      0.8066409826278687,
      0.8066409826278687,
      2.5
    ],
    "padding_mm": 20.0,
    "size_reduction_pct": 58.3,
    "fov_old_mm": [
      413.00018310546875,
      413.00018310546875,
      217.5
    ],
    "fov_new_mm": [
      319.429829120636,
      222.63291120529175,
      217.5
    ]
  },
  "output_ct": "output/real_ct/02_calibrated/ct_volume_hu.mhd",
  "output_mask": "output/real_ct/02_calibrated/mask_volume.mhd",
  "ready_for": "GATE image-based phantom (step 03)"
}