{
  "spacing_xyz_mm": [
    0.8066409826278687,
    0.8066409826278687,
    2.5
  ],
  "origin_xyz_mm": [
    462.2052834033966,
    536.4162538051605,
    0.0
  ],
  "shape_DHW": [
    87,
    276,
    396
  ],
  "shape_WHD": [
    396,
    276,
    87
  ],
  "hu_range": [
    -1024.0,
    1328.0
  ],
  "bbox_roi": {
    "shape_old_DHW": [
      87,
      512,
      512
    ],
    "shape_new_DHW": [
      87,
      276,
      396
    ],
    "slice_lo_hi_D": [
      0,
      87
    ],
    "slice_lo_hi_H": [
      154,
      430
    ],
    "slice_lo_hi_W": [
      62,
      458
    ],
    "origin_new_xyz_mm": [
      462.2052834033966,
      536.4162538051605,
      0.0
    ],
    "spacing_xyz_mm": [
      0.8066409826278687,
      0.8066409826278687,
      2.5
    ],
    "padding_mm": 20.0,
    "size_reduction_pct": 58.3,
    "fov_old_mm": [
      413.00018310546875,
      413.00018310546875,
      217.5
    ],
    "fov_new_mm": [
      319.429829120636,
      222.63291120529175,
      217.5
    ]
  }
}