{
  "fbp": {
    "MAE_HU": 133.55039978027344,
    "PSNR_dB": 14.440578171440068,
    "SSIM": 0.8124269247055054,
    "CNR": 2.5049357414245605,
    "SNR": 0.13839945197105408
  },
  "sart": {
    "MAE_HU": 109.66181945800781,
    "PSNR_dB": 18.202902570098335,
    "SSIM": 0.9087388515472412,
    "CNR": 1.561110258102417,
    "SNR": 1.0567052364349365
  },
  "sart_tv": {
    "MAE_HU": 112.67327117919922,
    "PSNR_dB": 18.387936394715567,
    "SSIM": 0.9111434817314148,
    "CNR": 1.408937692642212,
    "SNR": 1.1618900299072266
  }
}