{
  "fbp": {
    "MAE_HU": 127.71609497070312,
    "PSNR_dB": 10.528523203054958,
    "SSIM": 0.8262115716934204,
    "CNR": 1.1445599794387817,
    "SNR": 0.3724018931388855
  },
  "sart": {
    "MAE_HU": 129.86058044433594,
    "PSNR_dB": 10.47291175774998,
    "SSIM": 0.8238935470581055,
    "CNR": 1.1184583902359009,
    "SNR": 0.09619862586259842
  },
  "sart_tv": {
    "MAE_HU": 129.67465209960938,
    "PSNR_dB": 10.483022689110314,
    "SSIM": 0.8240954279899597,
    "CNR": 1.1261121034622192,
    "SNR": 0.12884917855262756
  }
}
