{
  "fbp": {
    "MAE_HU": 46.15207290649414,
    "PSNR_dB": 16.487516831476988,
    "SSIM": 0.9843254685401917,
    "CNR": 1.4056450128555298,
    "SNR": 0.6365281343460083
  },
  "sart": {
    "MAE_HU": 51.37628173828125,
    "PSNR_dB": 15.77988734878126,
    "SSIM": 0.9814528822898865,
    "CNR": 1.3653768301010132,
    "SNR": 0.3389221131801605
  },
  "sart_tv": {
    "MAE_HU": 52.37639236450195,
    "PSNR_dB": 15.72649310897572,
    "SSIM": 0.9812135696411133,
    "CNR": 1.387406587600708,
    "SNR": 0.3499007821083069
  }
}