{
  "fbp": {
    "MAE_HU": 46.15207290649414,
    "PSNR_dB": 16.487516831476988,
    "SSIM": 0.9843254685401917,
    "CNR": 1.4056450128555298,
    "SNR": 0.6365281343460083
  },
  "sart": {
    "MAE_HU": 49.124141693115234,
    "PSNR_dB": 16.137292031891583,
    "SSIM": 0.9829367995262146,
    "CNR": 1.3609986305236816,
    "SNR": 0.4678950309753418
  },
  "sart_tv": {
    "MAE_HU": 51.86662292480469,
    "PSNR_dB": 15.80639908756218,
    "SSIM": 0.9815389513969421,
    "CNR": 1.3790518045425415,
    "SNR": 0.34189167618751526
  }
}