{
  "fbp": {
    "MAE_HU": 39.601966857910156,
    "PSNR_dB": 21.727157310743923,
    "SSIM": 0.9885362386703491,
    "CNR": 1.2509605884552002,
    "SNR": 15.032526969909668
  },
  "sart": {
    "MAE_HU": 40.15977478027344,
    "PSNR_dB": 21.582219445379344,
    "SSIM": 0.9882332682609558,
    "CNR": 1.244225263595581,
    "SNR": 9.034038543701172
  },
  "sart_tv": {
    "MAE_HU": 40.03233337402344,
    "PSNR_dB": 21.60870242723583,
    "SSIM": 0.9882959127426147,
    "CNR": 1.2518259286880493,
    "SNR": 11.438201904296875
  }
}
