{
  "fbp": {
    "MAE_HU": 118.86405181884766,
    "PSNR_dB": 10.548076714750707,
    "SSIM": 0.8429887294769287,
    "CNR": 1.208836555480957,
    "SNR": 0.47927093505859375
  },
  "sart": {
    "MAE_HU": 121.03857421875,
    "PSNR_dB": 10.500368183761,
    "SSIM": 0.8409947752952576,
    "CNR": 1.1855175495147705,
    "SNR": -0.0055098398588597775
  },
  "sart_tv": {
    "MAE_HU": 120.99056243896484,
    "PSNR_dB": 10.5114533034595,
    "SSIM": 0.8412253260612488,
    "CNR": 1.1894643306732178,
    "SNR": -0.012849139980971813
  }
}
