{
  "fbp": {
    "MAE_HU": 39.43280792236328,
    "PSNR_dB": 18.73653702156879,
    "SSIM": 0.9852176308631897,
    "CNR": 1.3858791589736938,
    "SNR": 1.4716051816940308
  },
  "sart": {
    "MAE_HU": 38.804954528808594,
    "PSNR_dB": 18.88922608647916,
    "SSIM": 0.985725462436676,
    "CNR": 1.3620052337646484,
    "SNR": 7.010765552520752
  },
  "sart_tv": {
    "MAE_HU": 39.08378601074219,
    "PSNR_dB": 18.880707302658482,
    "SSIM": 0.9856797456741333,
    "CNR": 1.3671784400939941,
    "SNR": 3.196289539337158
  }
}
