{
  "fbp": {
    "MAE_HU": 35.724761962890625,
    "PSNR_dB": 19.623073593338574,
    "SSIM": 0.990997314453125,
    "CNR": 1.3973768949508667,
    "SNR": 2.2952992916107178
  },
  "sart": {
    "MAE_HU": 36.28227996826172,
    "PSNR_dB": 19.614186977398816,
    "SSIM": 0.9910091161727905,
    "CNR": 1.373664140701294,
    "SNR": 8.249909400939941
  },
  "sart_tv": {
    "MAE_HU": 36.21339416503906,
    "PSNR_dB": 19.635704131469836,
    "SSIM": 0.9910500645637512,
    "CNR": 1.374833583831787,
    "SNR": 10.19314956665039
  }
}
