{
  "fbp": {
    "MAE_HU": 46.80707931518555,
    "PSNR_dB": 19.26607140847367,
    "SSIM": 0.9751806855201721,
    "CNR": 1.1535346508026123,
    "SNR": 16.375568389892578
  },
  "sart": {
    "MAE_HU": 47.085838317871094,
    "PSNR_dB": 19.17897348023328,
    "SSIM": 0.9745745062828064,
    "CNR": 1.167943000793457,
    "SNR": 2.0598509311676025
  },
  "sart_tv": {
    "MAE_HU": 47.35902786254883,
    "PSNR_dB": 19.147182496320514,
    "SSIM": 0.9743407368659973,
    "CNR": 1.1731921434402466,
    "SNR": 1.6833223104476929
  }
}