{
  "fbp": {
    "MAE_HU": 36.91714096069336,
    "PSNR_dB": 15.780759253186751,
    "SSIM": 0.9906654357910156,
    "CNR": 1.4560909271240234,
    "SNR": 0.8135175108909607
  },
  "sart": {
    "MAE_HU": 36.37385940551758,
    "PSNR_dB": 16.223181854363713,
    "SSIM": 0.9915521144866943,
    "CNR": 1.3887240886688232,
    "SNR": 4.054252624511719
  },
  "sart_tv": {
    "MAE_HU": 37.02516555786133,
    "PSNR_dB": 16.108862536941988,
    "SSIM": 0.991314172744751,
    "CNR": 1.3952382802963257,
    "SNR": 1.7779005765914917
  }
}
