{
  "fbp": {
    "MAE_HU": 44.27872085571289,
    "PSNR_dB": 16.37010849449689,
    "SSIM": 0.9901071190834045,
    "CNR": 1.539307713508606,
    "SNR": 0.15787696838378906
  },
  "sart": {
    "MAE_HU": 42.81246566772461,
    "PSNR_dB": 16.492809670824414,
    "SSIM": 0.9904124736785889,
    "CNR": 1.5505250692367554,
    "SNR": 0.3494628369808197
  },
  "sart_tv": {
    "MAE_HU": 43.032737731933594,
    "PSNR_dB": 16.50280023837653,
    "SSIM": 0.9904240965843201,
    "CNR": 1.5501362085342407,
    "SNR": 0.35200393199920654
  }
}
