{
  "fbp": {
    "MAE_HU": 41.825782775878906,
    "PSNR_dB": 17.695203059488808,
    "SSIM": 0.9826751947402954,
    "CNR": 1.3811899423599243,
    "SNR": 1.4053694009780884
  },
  "sart": {
    "MAE_HU": 41.016780853271484,
    "PSNR_dB": 17.83420852814316,
    "SSIM": 0.9832237958908081,
    "CNR": 1.3586865663528442,
    "SNR": 7.167097568511963
  },
  "sart_tv": {
    "MAE_HU": 41.00954055786133,
    "PSNR_dB": 17.849516018829437,
    "SSIM": 0.9832677841186523,
    "CNR": 1.3612754344940186,
    "SNR": 6.406295299530029
  }
}
