{
  "fbp": {
    "MAE_HU": 74.6729507446289,
    "PSNR_dB": 12.016379652415605,
    "SSIM": 0.940958559513092,
    "CNR": 1.8893569707870483,
    "SNR": 0.3782443702220917
  },
  "sart": {
    "MAE_HU": 74.08152770996094,
    "PSNR_dB": 12.030746559297889,
    "SSIM": 0.9412762522697449,
    "CNR": 1.894707202911377,
    "SNR": 0.25673478841781616
  },
  "sart_tv": {
    "MAE_HU": 74.44960021972656,
    "PSNR_dB": 12.036287893336812,
    "SSIM": 0.9412767887115479,
    "CNR": 1.894012689590454,
    "SNR": 0.23527736961841583
  }
}
