{
  "fbp": {
    "MAE_HU": 40.177162170410156,
    "PSNR_dB": 18.938779765390347,
    "SSIM": 0.985862135887146,
    "CNR": 1.3443870544433594,
    "SNR": 1.7816392183303833
  },
  "sart": {
    "MAE_HU": 39.41390609741211,
    "PSNR_dB": 19.0214548852826,
    "SSIM": 0.9862059950828552,
    "CNR": 1.3289117813110352,
    "SNR": 8.203128814697266
  },
  "sart_tv": {
    "MAE_HU": 39.36454772949219,
    "PSNR_dB": 19.043096745647123,
    "SSIM": 0.9862567782402039,
    "CNR": 1.3311394453048706,
    "SNR": 10.209975242614746
  }
}
