{
  "fbp": {
    "MAE_HU": 178.3277130126953,
    "PSNR_dB": 6.5602165928817815,
    "SSIM": 0.7599831223487854,
    "CNR": 1.0785586833953857,
    "SNR": 0.726791262626648
  },
  "sart": {
    "MAE_HU": 179.1477508544922,
    "PSNR_dB": 6.560555935999872,
    "SSIM": 0.7599762678146362,
    "CNR": 1.0787012577056885,
    "SNR": 0.25449126958847046
  },
  "sart_tv": {
    "MAE_HU": 178.88308715820312,
    "PSNR_dB": 6.569115366459264,
    "SSIM": 0.7600415349006653,
    "CNR": 1.0807303190231323,
    "SNR": 0.08515241742134094
  }
}
