{
  "fbp": {
    "MAE_HU": 38.000762939453125,
    "PSNR_dB": 20.710069678176456,
    "SSIM": 0.9912108182907104,
    "CNR": 1.400503396987915,
    "SNR": 1.7601765394210815
  },
  "sart": {
    "MAE_HU": 38.31656265258789,
    "PSNR_dB": 20.746710247785085,
    "SSIM": 0.9912834763526917,
    "CNR": 1.3771806955337524,
    "SNR": 6.106665134429932
  },
  "sart_tv": {
    "MAE_HU": 38.61507034301758,
    "PSNR_dB": 20.717668879032555,
    "SSIM": 0.9911957383155823,
    "CNR": 1.3778190612792969,
    "SNR": 6.892545700073242
  }
}
