{
  "fbp": {
    "MAE_HU": 42.592674255371094,
    "PSNR_dB": 17.09693553652517,
    "SSIM": 0.9866912364959717,
    "CNR": 1.3651890754699707,
    "SNR": 2.168921709060669
  },
  "sart": {
    "MAE_HU": 44.86403274536133,
    "PSNR_dB": 16.854098472470774,
    "SSIM": 0.9859746694564819,
    "CNR": 1.3496946096420288,
    "SNR": 1.0157909393310547
  },
  "sart_tv": {
    "MAE_HU": 44.452674865722656,
    "PSNR_dB": 16.897448904226888,
    "SSIM": 0.9861206412315369,
    "CNR": 1.341139793395996,
    "SNR": 1.184129238128662
  }
}