{
  "fbp": {
    "MAE_HU": 102.83133697509766,
    "PSNR_dB": 9.320389056135788,
    "SSIM": 0.8877424001693726,
    "CNR": 1.560625433921814,
    "SNR": 0.43177223205566406
  },
  "sart": {
    "MAE_HU": 103.75579833984375,
    "PSNR_dB": 9.304080546176849,
    "SSIM": 0.8872959017753601,
    "CNR": 1.555307388305664,
    "SNR": 0.12897413969039917
  },
  "sart_tv": {
    "MAE_HU": 104.09333801269531,
    "PSNR_dB": 9.314212582988116,
    "SSIM": 0.88737952709198,
    "CNR": 1.5546306371688843,
    "SNR": 0.07847614586353302
  }
}
