{
  "fbp": {
    "MAE_HU": 49.99339294433594,
    "PSNR_dB": 18.67143341965658,
    "SSIM": 0.9768500924110413,
    "CNR": 1.1796224117279053,
    "SNR": 0.07822920382022858
  },
  "sart": {
    "MAE_HU": 50.53270721435547,
    "PSNR_dB": 18.487955589142967,
    "SSIM": 0.9758951663970947,
    "CNR": 1.1794999837875366,
    "SNR": 0.4109986126422882
  },
  "sart_tv": {
    "MAE_HU": 50.45112991333008,
    "PSNR_dB": 18.524619423324676,
    "SSIM": 0.9760677814483643,
    "CNR": 1.1814179420471191,
    "SNR": 0.32246991991996765
  }
}
