{
  "fbp": {
    "MAE_HU": 43.727596282958984,
    "PSNR_dB": 17.899896837749345,
    "SSIM": 0.990545928478241,
    "CNR": 1.5457572937011719,
    "SNR": 0.1552877426147461
  },
  "sart": {
    "MAE_HU": 41.51010513305664,
    "PSNR_dB": 18.150782743108053,
    "SSIM": 0.9911128282546997,
    "CNR": 1.5586603879928589,
    "SNR": 0.43753060698509216
  },
  "sart_tv": {
    "MAE_HU": 41.770633697509766,
    "PSNR_dB": 18.158360013730185,
    "SSIM": 0.9911174178123474,
    "CNR": 1.5584943294525146,
    "SNR": 0.4522463083267212
  }
}