{
  "fbp": {
    "MAE_HU": 331.33306884765625,
    "PSNR_dB": 13.23785008045548,
    "SSIM": 0.5226098299026489,
    "CNR": 2.545489549636841,
    "SNR": -0.1149829626083374
  },
  "sart": {
    "MAE_HU": 254.7403106689453,
    "PSNR_dB": 10.56862320277164,
    "SSIM": 0.6523882150650024,
    "CNR": 1.1542354822158813,
    "SNR": 0.1847919523715973
  },
  "sart_tv": {
    "MAE_HU": 243.71258544921875,
    "PSNR_dB": 10.797519863344347,
    "SSIM": 0.6833173632621765,
    "CNR": 1.262341856956482,
    "SNR": 0.11983747035264969
  }
}