{
  "fbp": {
    "MAE_HU": 39.249488830566406,
    "PSNR_dB": 18.564817714933866,
    "SSIM": 0.9902873039245605,
    "CNR": 1.2960119247436523,
    "SNR": 4.736358165740967
  },
  "sart": {
    "MAE_HU": 39.36241912841797,
    "PSNR_dB": 18.481564282684822,
    "SSIM": 0.9902010560035706,
    "CNR": 1.2880504131317139,
    "SNR": 10.064056396484375
  },
  "sart_tv": {
    "MAE_HU": 39.28519821166992,
    "PSNR_dB": 18.491141656687972,
    "SSIM": 0.990229606628418,
    "CNR": 1.290765643119812,
    "SNR": 13.471352577209473
  }
}
