{
  "fbp": {
    "MAE_HU": 174.69618225097656,
    "PSNR_dB": 6.797267103672187,
    "SSIM": 0.7657100558280945,
    "CNR": 1.0634571313858032,
    "SNR": 1.2002874612808228
  },
  "sart": {
    "MAE_HU": 175.33966064453125,
    "PSNR_dB": 6.810063578273413,
    "SSIM": 0.7663381099700928,
    "CNR": 1.063461422920227,
    "SNR": 0.18160612881183624
  },
  "sart_tv": {
    "MAE_HU": 175.25918579101562,
    "PSNR_dB": 6.814384120486137,
    "SSIM": 0.7661675810813904,
    "CNR": 1.065744161605835,
    "SNR": 0.03923580050468445
  }
}
