{
  "fbp": {
    "MAE_HU": 45.17137145996094,
    "PSNR_dB": 17.09938918040276,
    "SSIM": 0.9774472117424011,
    "CNR": 1.22713303565979,
    "SNR": 15.343080520629883
  },
  "sart": {
    "MAE_HU": 45.83930206298828,
    "PSNR_dB": 16.959262144860958,
    "SSIM": 0.9769533276557922,
    "CNR": 1.2191777229309082,
    "SNR": 9.576651573181152
  },
  "sart_tv": {
    "MAE_HU": 45.913658142089844,
    "PSNR_dB": 16.953777604403044,
    "SSIM": 0.9769451022148132,
    "CNR": 1.2299931049346924,
    "SNR": 12.177486419677734
  }
}
