{
  "fbp": {
    "MAE_HU": 43.713829040527344,
    "PSNR_dB": 17.275836122027037,
    "SSIM": 0.980242908000946,
    "CNR": 1.3758976459503174,
    "SNR": 1.1901134252548218
  },
  "sart": {
    "MAE_HU": 42.378292083740234,
    "PSNR_dB": 17.409945761989547,
    "SSIM": 0.9808850884437561,
    "CNR": 1.3524796962738037,
    "SNR": 7.199019432067871
  },
  "sart_tv": {
    "MAE_HU": 42.52161407470703,
    "PSNR_dB": 17.429232525563748,
    "SSIM": 0.980921745300293,
    "CNR": 1.3558334112167358,
    "SNR": 4.4549126625061035
  }
}
