{
  "fbp": {
    "MAE_HU": 37.90586853027344,
    "PSNR_dB": 21.87189667560858,
    "SSIM": 0.9913362264633179,
    "CNR": 1.423392653465271,
    "SNR": 1.4229645729064941
  },
  "sart": {
    "MAE_HU": 38.2959098815918,
    "PSNR_dB": 21.998865515790108,
    "SSIM": 0.9915507435798645,
    "CNR": 1.3960963487625122,
    "SNR": 5.830343246459961
  },
  "sart_tv": {
    "MAE_HU": 38.70346450805664,
    "PSNR_dB": 21.889433198100882,
    "SSIM": 0.991309642791748,
    "CNR": 1.4035979509353638,
    "SNR": 1.694533348083496
  }
}
