{
  "fbp": {
    "MAE_HU": 47.24528121948242,
    "PSNR_dB": 17.89523566026822,
    "SSIM": 0.9746726155281067,
    "CNR": 1.2191462516784668,
    "SNR": 15.668578147888184
  },
  "sart": {
    "MAE_HU": 47.40407943725586,
    "PSNR_dB": 17.844594409889694,
    "SSIM": 0.9744687676429749,
    "CNR": 1.211057186126709,
    "SNR": 8.391357421875
  },
  "sart_tv": {
    "MAE_HU": 47.2851676940918,
    "PSNR_dB": 17.866133668749363,
    "SSIM": 0.9745506644248962,
    "CNR": 1.2218358516693115,
    "SNR": 9.7936372756958
  }
}
