{
  "fbp": {
    "MAE_HU": 45.335411071777344,
    "PSNR_dB": 21.556049707381867,
    "SSIM": 0.9806437492370605,
    "CNR": 1.141489028930664,
    "SNR": 0.09678156673908234
  },
  "sart": {
    "MAE_HU": 46.29008102416992,
    "PSNR_dB": 21.390402728702792,
    "SSIM": 0.9799209237098694,
    "CNR": 1.1413272619247437,
    "SNR": 0.45108574628829956
  },
  "sart_tv": {
    "MAE_HU": 45.97291564941406,
    "PSNR_dB": 21.43998786357866,
    "SSIM": 0.9801227450370789,
    "CNR": 1.1432366371154785,
    "SNR": 0.2906843423843384
  }
}
