{
  "fbp": {
    "MAE_HU": 180.47984313964844,
    "PSNR_dB": 7.699833234381938,
    "SSIM": 0.7578964233398438,
    "CNR": 1.0651570558547974,
    "SNR": 0.7117435336112976
  },
  "sart": {
    "MAE_HU": 181.1350555419922,
    "PSNR_dB": 7.709172004030009,
    "SSIM": 0.758415162563324,
    "CNR": 1.0651624202728271,
    "SNR": 0.17999225854873657
  },
  "sart_tv": {
    "MAE_HU": 180.9853973388672,
    "PSNR_dB": 7.715931305060656,
    "SSIM": 0.758389949798584,
    "CNR": 1.067334771156311,
    "SNR": 0.01665421575307846
  }
}
