{
  "fbp": {
    "MAE_HU": 90.13256072998047,
    "PSNR_dB": 5.4010195449562985,
    "SSIM": 0.9149877429008484,
    "CNR": 1.7751789093017578,
    "SNR": 0.36933156847953796
  },
  "sart": {
    "MAE_HU": 90.23563385009766,
    "PSNR_dB": 5.420345671126679,
    "SSIM": 0.91538405418396,
    "CNR": 1.7743710279464722,
    "SNR": 0.13718841969966888
  },
  "sart_tv": {
    "MAE_HU": 90.63765716552734,
    "PSNR_dB": 5.427651622127446,
    "SSIM": 0.9154054522514343,
    "CNR": 1.7734345197677612,
    "SNR": 0.09287531673908234
  }
}
