{
  "fbp": {
    "MAE_HU": 87.74950408935547,
    "PSNR_dB": 11.9841138272022,
    "SSIM": 0.9232243895530701,
    "CNR": 1.8292354345321655,
    "SNR": 0.32865920662879944
  },
  "sart": {
    "MAE_HU": 87.41535186767578,
    "PSNR_dB": 11.99307563013308,
    "SSIM": 0.9234835505485535,
    "CNR": 1.833027958869934,
    "SNR": 0.19604478776454926
  },
  "sart_tv": {
    "MAE_HU": 87.87195587158203,
    "PSNR_dB": 11.997722338843577,
    "SSIM": 0.9234553575515747,
    "CNR": 1.8317087888717651,
    "SNR": 0.15425126254558563
  }
}
