{
  "fbp": {
    "MAE_HU": 52.04601287841797,
    "PSNR_dB": 19.745696546842353,
    "SSIM": 0.9704450368881226,
    "CNR": 1.0691382884979248,
    "SNR": -6.52872896194458
  },
  "sart": {
    "MAE_HU": 53.56228256225586,
    "PSNR_dB": 19.640183384943185,
    "SSIM": 0.9697568416595459,
    "CNR": 1.0690113306045532,
    "SNR": 2.610494375228882
  },
  "sart_tv": {
    "MAE_HU": 53.28249740600586,
    "PSNR_dB": 19.66844642247993,
    "SSIM": 0.9699179530143738,
    "CNR": 1.0708990097045898,
    "SNR": 1.7378190755844116
  }
}
