{
  "fbp": {
    "MAE_HU": 46.15207290649414,
    "PSNR_dB": 16.487516831476988,
    "SSIM": 0.9843254685401917,
    "CNR": 1.4056450128555298,
    "SNR": 0.6365281343460083
  },
  "sart": {
    "MAE_HU": 50.3233528137207,
    "PSNR_dB": 15.942300523754096,
    "SSIM": 0.9821402430534363,
    "CNR": 1.3623876571655273,
    "SNR": 0.3883916437625885
  },
  "sart_tv": {
    "MAE_HU": 51.585567474365234,
    "PSNR_dB": 15.844219163842775,
    "SSIM": 0.9817152619361877,
    "CNR": 1.3797862529754639,
    "SNR": 0.36907756328582764
  }
}