{
  "fbp": {
    "MAE_HU": 81.03034973144531,
    "PSNR_dB": 11.115336411318339,
    "SSIM": 0.9321519136428833,
    "CNR": 1.864262580871582,
    "SNR": 0.3280792832374573
  },
  "sart": {
    "MAE_HU": 80.5885238647461,
    "PSNR_dB": 11.123337869712707,
    "SSIM": 0.9323886632919312,
    "CNR": 1.8688335418701172,
    "SNR": 0.21322904527187347
  },
  "sart_tv": {
    "MAE_HU": 81.02289581298828,
    "PSNR_dB": 11.128261716730636,
    "SSIM": 0.9323756694793701,
    "CNR": 1.8679640293121338,
    "SNR": 0.18049941956996918
  }
}
