{
  "fbp": {
    "MAE_HU": 60.4660758972168,
    "PSNR_dB": 18.26133197344934,
    "SSIM": 0.957920253276825,
    "CNR": 1.0673904418945312,
    "SNR": -6.221311092376709
  },
  "sart": {
    "MAE_HU": 62.16834259033203,
    "PSNR_dB": 18.198429651559174,
    "SSIM": 0.9573583006858826,
    "CNR": 1.0672296285629272,
    "SNR": 2.645073413848877
  },
  "sart_tv": {
    "MAE_HU": 61.741310119628906,
    "PSNR_dB": 18.219495832103284,
    "SSIM": 0.9575158357620239,
    "CNR": 1.0691404342651367,
    "SNR": 1.7259314060211182
  }
}
