{
  "fbp": {
    "MAE_HU": 47.49580383300781,
    "PSNR_dB": 20.497903878287214,
    "SSIM": 0.976361095905304,
    "CNR": 1.1144996881484985,
    "SNR": 0.004278463311493397
  },
  "sart": {
    "MAE_HU": 48.76164245605469,
    "PSNR_dB": 20.315356350492703,
    "SSIM": 0.9753857254981995,
    "CNR": 1.1143258810043335,
    "SNR": 0.6502108573913574
  },
  "sart_tv": {
    "MAE_HU": 48.41776657104492,
    "PSNR_dB": 20.36753772240491,
    "SSIM": 0.9756465554237366,
    "CNR": 1.1163043975830078,
    "SNR": 0.4467986822128296
  }
}
