{
  "fbp": {
    "MAE_HU": 174.67840576171875,
    "PSNR_dB": 8.026023479843246,
    "SSIM": 0.7679535150527954,
    "CNR": 1.0631319284439087,
    "SNR": 1.2154563665390015
  },
  "sart": {
    "MAE_HU": 175.39981079101562,
    "PSNR_dB": 8.046066170254683,
    "SSIM": 0.7689732313156128,
    "CNR": 1.0631195306777954,
    "SNR": 0.1547805368900299
  },
  "sart_tv": {
    "MAE_HU": 175.43446350097656,
    "PSNR_dB": 8.046214299003756,
    "SSIM": 0.7685943245887756,
    "CNR": 1.0653096437454224,
    "SNR": 0.0029469707515090704
  }
}
