{
  "fbp": {
    "MAE_HU": 39.26446533203125,
    "PSNR_dB": 19.705503895357086,
    "SSIM": 0.9894288778305054,
    "CNR": 1.3064146041870117,
    "SNR": 8.591320991516113
  },
  "sart": {
    "MAE_HU": 39.313236236572266,
    "PSNR_dB": 19.626435107370266,
    "SSIM": 0.9893264174461365,
    "CNR": 1.3014112710952759,
    "SNR": 9.462857246398926
  },
  "sart_tv": {
    "MAE_HU": 39.22550582885742,
    "PSNR_dB": 19.638137951245433,
    "SSIM": 0.9893591403961182,
    "CNR": 1.3039096593856812,
    "SNR": 12.546884536743164
  }
}
