{
  "fbp": {
    "MAE_HU": 48.56669235229492,
    "PSNR_dB": 15.49572009903411,
    "SSIM": 0.9840939044952393,
    "CNR": 1.6086615324020386,
    "SNR": 0.21860818564891815
  },
  "sart": {
    "MAE_HU": 48.2108154296875,
    "PSNR_dB": 15.503300447756367,
    "SSIM": 0.9841464757919312,
    "CNR": 1.6141937971115112,
    "SNR": 0.17997699975967407
  },
  "sart_tv": {
    "MAE_HU": 48.12360763549805,
    "PSNR_dB": 15.530299462295718,
    "SSIM": 0.9842363595962524,
    "CNR": 1.6151882410049438,
    "SNR": 0.2034587264060974
  }
}
