{
  "fbp": {
    "MAE_HU": 46.85588836669922,
    "PSNR_dB": 19.258338149352074,
    "SSIM": 0.9751631617546082,
    "CNR": 1.151319980621338,
    "SNR": 16.272584915161133
  },
  "sart": {
    "MAE_HU": 47.37007141113281,
    "PSNR_dB": 19.12637082493368,
    "SSIM": 0.9742239713668823,
    "CNR": 1.173742413520813,
    "SNR": 1.60160231590271
  },
  "sart_tv": {
    "MAE_HU": 48.10198974609375,
    "PSNR_dB": 19.044054129936384,
    "SSIM": 0.9736546277999878,
    "CNR": 1.1829936504364014,
    "SNR": 1.2468551397323608
  }
}
