{
  "fbp": {
    "MAE_HU": 38.506683349609375,
    "PSNR_dB": 16.259786126122258,
    "SSIM": 0.9898698925971985,
    "CNR": 1.466597080230713,
    "SNR": 0.9370007514953613
  },
  "sart": {
    "MAE_HU": 37.071250915527344,
    "PSNR_dB": 16.91281175749858,
    "SSIM": 0.991233766078949,
    "CNR": 1.3946990966796875,
    "SNR": 7.587473392486572
  },
  "sart_tv": {
    "MAE_HU": 37.21772766113281,
    "PSNR_dB": 16.901685220108323,
    "SSIM": 0.9911977648735046,
    "CNR": 1.396697998046875,
    "SNR": 4.966363430023193
  }
}
