{
  "fbp": {
    "MAE_HU": 40.79399490356445,
    "PSNR_dB": 19.261194998914235,
    "SSIM": 0.9887685179710388,
    "CNR": 1.2666373252868652,
    "SNR": 18.357431411743164
  },
  "sart": {
    "MAE_HU": 41.692630767822266,
    "PSNR_dB": 19.065678211816195,
    "SSIM": 0.988370954990387,
    "CNR": 1.26015043258667,
    "SNR": 11.80674934387207
  },
  "sart_tv": {
    "MAE_HU": 41.94179153442383,
    "PSNR_dB": 19.021579746499793,
    "SSIM": 0.98828125,
    "CNR": 1.2650564908981323,
    "SNR": 16.4205379486084
  }
}
