{
  "fbp": {
    "MAE_HU": 47.78879165649414,
    "PSNR_dB": 21.20997063001567,
    "SSIM": 0.9773319363594055,
    "CNR": 1.1586384773254395,
    "SNR": 0.07940902560949326
  },
  "sart": {
    "MAE_HU": 48.49070739746094,
    "PSNR_dB": 21.076037015365266,
    "SSIM": 0.9766605496406555,
    "CNR": 1.1584346294403076,
    "SNR": 0.4276992678642273
  },
  "sart_tv": {
    "MAE_HU": 48.27426528930664,
    "PSNR_dB": 21.110436271775672,
    "SSIM": 0.9768140316009521,
    "CNR": 1.1603751182556152,
    "SNR": 0.29525160789489746
  }
}
