{
  "fbp": {
    "MAE_HU": 38.46025848388672,
    "PSNR_dB": 20.41261052711544,
    "SSIM": 0.9908910989761353,
    "CNR": 1.5232049226760864,
    "SNR": 0.8671875
  },
  "sart": {
    "MAE_HU": 36.60112380981445,
    "PSNR_dB": 20.925876373100568,
    "SSIM": 0.9918583035469055,
    "CNR": 1.493025302886963,
    "SNR": 1.1695109605789185
  },
  "sart_tv": {
    "MAE_HU": 38.538116455078125,
    "PSNR_dB": 20.349458932557294,
    "SSIM": 0.9906893372535706,
    "CNR": 1.5128246545791626,
    "SNR": 0.7827611565589905
  }
}
