{
  "fbp": {
    "MAE_HU": 143.1722412109375,
    "PSNR_dB": 10.968295786766047,
    "SSIM": 0.8073882460594177,
    "CNR": 1.1286952495574951,
    "SNR": 0.33404237031936646
  },
  "sart": {
    "MAE_HU": 145.3331298828125,
    "PSNR_dB": 10.925207985049434,
    "SSIM": 0.8054581880569458,
    "CNR": 1.0972474813461304,
    "SNR": 0.13170480728149414
  },
  "sart_tv": {
    "MAE_HU": 144.8659210205078,
    "PSNR_dB": 10.936741776321687,
    "SSIM": 0.8057405352592468,
    "CNR": 1.1082509756088257,
    "SNR": 0.1759009063243866
  }
}
