{
  "fbp": {
    "MAE_HU": 46.97314453125,
    "PSNR_dB": 20.950179250377566,
    "SSIM": 0.9768664240837097,
    "CNR": 1.1013774871826172,
    "SNR": -0.12996816635131836
  },
  "sart": {
    "MAE_HU": 47.99836349487305,
    "PSNR_dB": 20.79117260888666,
    "SSIM": 0.9760421514511108,
    "CNR": 1.1011874675750732,
    "SNR": 0.7067847847938538
  },
  "sart_tv": {
    "MAE_HU": 47.66717529296875,
    "PSNR_dB": 20.842783926724948,
    "SSIM": 0.9762940406799316,
    "CNR": 1.1031792163848877,
    "SNR": 0.49111616611480713
  }
}
