{
  "fbp": {
    "MAE_HU": 44.68757247924805,
    "PSNR_dB": 17.73218811723782,
    "SSIM": 0.9899576306343079,
    "CNR": 1.5720150470733643,
    "SNR": 0.12395185232162476
  },
  "sart": {
    "MAE_HU": 42.65617752075195,
    "PSNR_dB": 17.93245692128204,
    "SSIM": 0.9904491901397705,
    "CNR": 1.5858676433563232,
    "SNR": 0.41445428133010864
  },
  "sart_tv": {
    "MAE_HU": 42.866249084472656,
    "PSNR_dB": 17.942013314725504,
    "SSIM": 0.9904590249061584,
    "CNR": 1.5853012800216675,
    "SNR": 0.42764830589294434
  }
}
