{
  "fbp": {
    "MAE_HU": 48.66399002075195,
    "PSNR_dB": 15.23743382808143,
    "SSIM": 0.9791297316551208,
    "CNR": 1.2114601135253906,
    "SNR": 0.04174915701150894
  },
  "sart": {
    "MAE_HU": 49.413394927978516,
    "PSNR_dB": 15.046953358421378,
    "SSIM": 0.9782469868659973,
    "CNR": 1.211447834968567,
    "SNR": 0.45472288131713867
  },
  "sart_tv": {
    "MAE_HU": 49.35337448120117,
    "PSNR_dB": 15.080131890897556,
    "SSIM": 0.9783844351768494,
    "CNR": 1.2133631706237793,
    "SNR": 0.39549288153648376
  }
}
