{
  "fbp": {
    "MAE_HU": 38.55830764770508,
    "PSNR_dB": 17.945558460433936,
    "SSIM": 0.9891290664672852,
    "CNR": 1.3798240423202515,
    "SNR": 6.530614852905273
  },
  "sart": {
    "MAE_HU": 38.57184982299805,
    "PSNR_dB": 17.92566323809059,
    "SSIM": 0.9891291260719299,
    "CNR": 1.3726582527160645,
    "SNR": 8.826444625854492
  },
  "sart_tv": {
    "MAE_HU": 38.49061584472656,
    "PSNR_dB": 17.94216096961924,
    "SSIM": 0.9891707301139832,
    "CNR": 1.3740293979644775,
    "SNR": 11.004317283630371
  }
}