{
  "fbp": {
    "MAE_HU": 177.33238220214844,
    "PSNR_dB": 8.735693720179775,
    "SSIM": 0.7643710970878601,
    "CNR": 1.0635403394699097,
    "SNR": 1.2035917043685913
  },
  "sart": {
    "MAE_HU": 177.7171173095703,
    "PSNR_dB": 8.763808201304398,
    "SSIM": 0.7658424973487854,
    "CNR": 1.0635607242584229,
    "SNR": 0.14217454195022583
  },
  "sart_tv": {
    "MAE_HU": 177.873046875,
    "PSNR_dB": 8.764647826034315,
    "SSIM": 0.7654929757118225,
    "CNR": 1.065780520439148,
    "SNR": -0.01882932521402836
  }
}
