{
  "fbp": {
    "MAE_HU": 46.5245361328125,
    "PSNR_dB": 21.450992730635715,
    "SSIM": 0.9808360934257507,
    "CNR": 1.075392246246338,
    "SNR": -0.41007471084594727
  },
  "sart": {
    "MAE_HU": 47.400665283203125,
    "PSNR_dB": 21.24957432571521,
    "SSIM": 0.9799529314041138,
    "CNR": 1.0752427577972412,
    "SNR": 1.4068602323532104
  },
  "sart_tv": {
    "MAE_HU": 47.08067321777344,
    "PSNR_dB": 21.315410118250902,
    "SSIM": 0.980231761932373,
    "CNR": 1.0771571397781372,
    "SNR": 0.9709842205047607
  }
}
