{
  "fbp": {
    "MAE_HU": 43.144779205322266,
    "PSNR_dB": 22.333859527474207,
    "SSIM": 0.9837911128997803,
    "CNR": 1.084275484085083,
    "SNR": -0.24587775766849518
  },
  "sart": {
    "MAE_HU": 43.95695495605469,
    "PSNR_dB": 22.155694870012155,
    "SSIM": 0.9831361770629883,
    "CNR": 1.0841280221939087,
    "SNR": 0.8839458227157593
  },
  "sart_tv": {
    "MAE_HU": 43.63909149169922,
    "PSNR_dB": 22.223234908739915,
    "SSIM": 0.9833760857582092,
    "CNR": 1.0860506296157837,
    "SNR": 0.5839800238609314
  }
}
