{
  "fbp": {
    "MAE_HU": 329.787353515625,
    "PSNR_dB": 13.079928418443064,
    "SSIM": 0.5255148410797119,
    "CNR": 2.540816068649292,
    "SNR": -0.13310831785202026
  },
  "sart": {
    "MAE_HU": 395.00299072265625,
    "PSNR_dB": 11.457048899077352,
    "SSIM": 0.4024735987186432,
    "CNR": 2.6636178493499756,
    "SNR": -0.14059023559093475
  },
  "sart_tv": {
    "MAE_HU": 472.4111328125,
    "PSNR_dB": 11.990974718390362,
    "SSIM": 0.3260568082332611,
    "CNR": 2.5616211891174316,
    "SNR": -0.05930470675230026
  }
}