{
  "fbp": {
    "MAE_HU": 38.61928176879883,
    "PSNR_dB": 15.51451374032407,
    "SSIM": 0.9901730418205261,
    "CNR": 1.4853920936584473,
    "SNR": 0.8687440156936646
  },
  "sart": {
    "MAE_HU": 37.243080139160156,
    "PSNR_dB": 16.22802918383959,
    "SSIM": 0.9916072487831116,
    "CNR": 1.413649559020996,
    "SNR": 3.855729818344116
  },
  "sart_tv": {
    "MAE_HU": 37.806705474853516,
    "PSNR_dB": 16.10728168763267,
    "SSIM": 0.9913530349731445,
    "CNR": 1.4197635650634766,
    "SNR": 1.83468759059906
  }
}
