{
  "fbp": {
    "MAE_HU": 45.81034469604492,
    "PSNR_dB": 14.802111887668817,
    "SSIM": 0.9885081052780151,
    "CNR": 1.5649478435516357,
    "SNR": 0.1876659095287323
  },
  "sart": {
    "MAE_HU": 45.365509033203125,
    "PSNR_dB": 14.799449103174576,
    "SSIM": 0.9885192513465881,
    "CNR": 1.5711884498596191,
    "SNR": 0.18256457149982452
  },
  "sart_tv": {
    "MAE_HU": 45.31758117675781,
    "PSNR_dB": 14.829078974990113,
    "SSIM": 0.9885908961296082,
    "CNR": 1.572148323059082,
    "SNR": 0.2084888368844986
  }
}
