{
  "fbp": {
    "MAE_HU": 45.81448745727539,
    "PSNR_dB": 17.063819066556892,
    "SSIM": 0.9889835715293884,
    "CNR": 1.5524541139602661,
    "SNR": 0.1448904126882553
  },
  "sart": {
    "MAE_HU": 44.19715881347656,
    "PSNR_dB": 17.1776187853772,
    "SSIM": 0.9893082976341248,
    "CNR": 1.5653382539749146,
    "SNR": 0.390447735786438
  },
  "sart_tv": {
    "MAE_HU": 44.38923263549805,
    "PSNR_dB": 17.192291561869062,
    "SSIM": 0.989331841468811,
    "CNR": 1.5647448301315308,
    "SNR": 0.39775344729423523
  }
}
