{
  "fbp": {
    "MAE_HU": 45.88007736206055,
    "PSNR_dB": 20.52732126796564,
    "SSIM": 0.9793432950973511,
    "CNR": 1.1235634088516235,
    "SNR": 0.03774126619100571
  },
  "sart": {
    "MAE_HU": 47.171077728271484,
    "PSNR_dB": 20.33242870920587,
    "SSIM": 0.9784301519393921,
    "CNR": 1.1233612298965454,
    "SNR": 0.5684701204299927
  },
  "sart_tv": {
    "MAE_HU": 46.75107192993164,
    "PSNR_dB": 20.39360016291289,
    "SSIM": 0.9787022471427917,
    "CNR": 1.1253396272659302,
    "SNR": 0.3828180432319641
  }
}
