{
  "fbp": {
    "MAE_HU": 40.90199279785156,
    "PSNR_dB": 18.454669904039612,
    "SSIM": 0.9893722534179688,
    "CNR": 1.2784395217895508,
    "SNR": 17.51705551147461
  },
  "sart": {
    "MAE_HU": 41.667503356933594,
    "PSNR_dB": 18.26211353605411,
    "SSIM": 0.9890292882919312,
    "CNR": 1.2734417915344238,
    "SNR": 11.947528839111328
  },
  "sart_tv": {
    "MAE_HU": 41.66277313232422,
    "PSNR_dB": 18.260753424103243,
    "SSIM": 0.989036500453949,
    "CNR": 1.276460886001587,
    "SNR": 16.05729103088379
  }
}
