{
  "fbp": {
    "MAE_HU": 39.54979705810547,
    "PSNR_dB": 19.472095018386103,
    "SSIM": 0.9873923063278198,
    "CNR": 1.320206880569458,
    "SNR": 4.784106254577637
  },
  "sart": {
    "MAE_HU": 39.37413787841797,
    "PSNR_dB": 19.440930780670417,
    "SSIM": 0.9873943328857422,
    "CNR": 1.3136929273605347,
    "SNR": 8.930213928222656
  },
  "sart_tv": {
    "MAE_HU": 39.29115676879883,
    "PSNR_dB": 19.4608395037986,
    "SSIM": 0.9874427318572998,
    "CNR": 1.3160022497177124,
    "SNR": 11.398728370666504
  }
}
