{
  "fbp": {
    "MAE_HU": 38.485652923583984,
    "PSNR_dB": 20.499870949504057,
    "SSIM": 0.9908592104911804,
    "CNR": 1.4987483024597168,
    "SNR": 0.8744905591011047
  },
  "sart": {
    "MAE_HU": 37.1370735168457,
    "PSNR_dB": 21.116051442014474,
    "SSIM": 0.9920101761817932,
    "CNR": 1.4518808126449585,
    "SNR": 1.3933569192886353
  },
  "sart_tv": {
    "MAE_HU": 38.73326110839844,
    "PSNR_dB": 20.577266505750433,
    "SSIM": 0.9909385442733765,
    "CNR": 1.4679583311080933,
    "SNR": 0.830834686756134
  }
}
