{
  "fbp": {
    "MAE_HU": 109.66354370117188,
    "PSNR_dB": 11.219867821278246,
    "SSIM": 0.874093234539032,
    "CNR": 1.4522837400436401,
    "SNR": 0.46188080310821533
  },
  "sart": {
    "MAE_HU": 110.96572875976562,
    "PSNR_dB": 11.197545348672778,
    "SSIM": 0.8732394576072693,
    "CNR": 1.4418776035308838,
    "SNR": 0.0356014259159565
  },
  "sart_tv": {
    "MAE_HU": 111.2063980102539,
    "PSNR_dB": 11.207016374512852,
    "SSIM": 0.8733456134796143,
    "CNR": 1.4417470693588257,
    "SNR": -0.01215691864490509
  }
}
