{
  "fbp": {
    "MAE_HU": 42.94818115234375,
    "PSNR_dB": 11.029648797696721,
    "SSIM": 0.9909680485725403,
    "CNR": 1.5145988464355469,
    "SNR": 0.1804564744234085
  },
  "sart": {
    "MAE_HU": 41.69165802001953,
    "PSNR_dB": 11.14599897486241,
    "SSIM": 0.9912298321723938,
    "CNR": 1.5241611003875732,
    "SNR": 0.31706374883651733
  },
  "sart_tv": {
    "MAE_HU": 41.8670654296875,
    "PSNR_dB": 11.15289169300652,
    "SSIM": 0.9912356734275818,
    "CNR": 1.524095892906189,
    "SNR": 0.3244668245315552
  }
}
