{
  "fbp": {
    "MAE_HU": 54.8328857421875,
    "PSNR_dB": 15.425286139996086,
    "SSIM": 0.97930908203125,
    "CNR": 1.4893790483474731,
    "SNR": -0.14230607450008392
  },
  "sart": {
    "MAE_HU": 55.2433967590332,
    "PSNR_dB": 15.484256359116484,
    "SSIM": 0.9797425866127014,
    "CNR": 1.3787658214569092,
    "SNR": -0.06430583447217941
  },
  "sart_tv": {
    "MAE_HU": 57.154483795166016,
    "PSNR_dB": 15.273368645706398,
    "SSIM": 0.9788828492164612,
    "CNR": 1.3849200010299683,
    "SNR": 0.02627919241786003
  }
}