{
  "fbp": {
    "MAE_HU": 40.34111022949219,
    "PSNR_dB": 16.569887402600997,
    "SSIM": 0.9884782433509827,
    "CNR": 1.2672775983810425,
    "SNR": 5.886651992797852
  },
  "sart": {
    "MAE_HU": 40.305973052978516,
    "PSNR_dB": 16.583571735678287,
    "SSIM": 0.9885108470916748,
    "CNR": 1.2598762512207031,
    "SNR": 8.597851753234863
  },
  "sart_tv": {
    "MAE_HU": 40.26357650756836,
    "PSNR_dB": 16.592021912266738,
    "SSIM": 0.988528847694397,
    "CNR": 1.2632380723953247,
    "SNR": 9.683940887451172
  }
}