{
  "fbp": {
    "MAE_HU": 38.55801010131836,
    "PSNR_dB": 17.945738029726176,
    "SSIM": 0.9891295433044434,
    "CNR": 1.379796028137207,
    "SNR": 6.592027187347412
  },
  "sart": {
    "MAE_HU": 38.572349548339844,
    "PSNR_dB": 17.92562046472497,
    "SSIM": 0.9891294836997986,
    "CNR": 1.3726603984832764,
    "SNR": 8.849690437316895
  },
  "sart_tv": {
    "MAE_HU": 38.49229431152344,
    "PSNR_dB": 17.942084871677018,
    "SSIM": 0.9891705513000488,
    "CNR": 1.3740090131759644,
    "SNR": 11.02211856842041
  }
}