{
  "fbp": {
    "MAE_HU": 43.573184967041016,
    "PSNR_dB": 16.915540912803927,
    "SSIM": 0.9861660599708557,
    "CNR": 1.376009464263916,
    "SNR": 1.7284692525863647
  },
  "sart": {
    "MAE_HU": 42.982295989990234,
    "PSNR_dB": 17.05249451657487,
    "SSIM": 0.9865546226501465,
    "CNR": 1.354409098625183,
    "SNR": 2.0764706134796143
  },
  "sart_tv": {
    "MAE_HU": 44.66840744018555,
    "PSNR_dB": 16.885167212583983,
    "SSIM": 0.9858337044715881,
    "CNR": 1.3506850004196167,
    "SNR": 1.4146807193756104
  }
}