{
  "fbp": {
    "MAE_HU": 68.75970458984375,
    "PSNR_dB": 11.136377894890357,
    "SSIM": 0.9497134685516357,
    "CNR": 1.879272222518921,
    "SNR": 0.4401088058948517
  },
  "sart": {
    "MAE_HU": 68.29660034179688,
    "PSNR_dB": 11.155882431856929,
    "SSIM": 0.9500287771224976,
    "CNR": 1.8842021226882935,
    "SNR": 0.2626896798610687
  },
  "sart_tv": {
    "MAE_HU": 68.54031372070312,
    "PSNR_dB": 11.163295442005783,
    "SSIM": 0.9500581622123718,
    "CNR": 1.883819341659546,
    "SNR": 0.2516326904296875
  }
}
