{
  "fbp": {
    "MAE_HU": 38.502342224121094,
    "PSNR_dB": 17.946596501479167,
    "SSIM": 0.989133894443512,
    "CNR": 1.3800476789474487,
    "SNR": 6.629613876342773
  },
  "sart": {
    "MAE_HU": 38.51600646972656,
    "PSNR_dB": 17.926570271719658,
    "SSIM": 0.9891335368156433,
    "CNR": 1.37288498878479,
    "SNR": 9.060352325439453
  },
  "sart_tv": {
    "MAE_HU": 38.43475341796875,
    "PSNR_dB": 17.94296566477755,
    "SSIM": 0.9891748428344727,
    "CNR": 1.3742570877075195,
    "SNR": 11.332437515258789
  }
}