{
  "fbp": {
    "MAE_HU": 44.76068115234375,
    "PSNR_dB": 21.54912375158966,
    "SSIM": 0.9802250862121582,
    "CNR": 1.0920699834823608,
    "SNR": -0.14707104861736298
  },
  "sart": {
    "MAE_HU": 45.427005767822266,
    "PSNR_dB": 21.39186686283786,
    "SSIM": 0.9795259237289429,
    "CNR": 1.09188973903656,
    "SNR": 0.7554526925086975
  },
  "sart_tv": {
    "MAE_HU": 45.14314270019531,
    "PSNR_dB": 21.45000200418088,
    "SSIM": 0.9797722101211548,
    "CNR": 1.093850016593933,
    "SNR": 0.49140721559524536
  }
}
