{
  "fbp": {
    "MAE_HU": 44.44062423706055,
    "PSNR_dB": 15.873897563587054,
    "SSIM": 0.990031898021698,
    "CNR": 1.5004719495773315,
    "SNR": 0.20922689139842987
  },
  "sart": {
    "MAE_HU": 43.61531066894531,
    "PSNR_dB": 15.903504075571611,
    "SSIM": 0.9901201128959656,
    "CNR": 1.5081853866577148,
    "SNR": 0.26351192593574524
  },
  "sart_tv": {
    "MAE_HU": 43.68299102783203,
    "PSNR_dB": 15.916449651312341,
    "SSIM": 0.9901420474052429,
    "CNR": 1.508507490158081,
    "SNR": 0.277427077293396
  }
}
