{
  "fbp": {
    "MAE_HU": 42.445335388183594,
    "PSNR_dB": 17.624587003340196,
    "SSIM": 0.9822967052459717,
    "CNR": 1.2351036071777344,
    "SNR": 14.125636100769043
  },
  "sart": {
    "MAE_HU": 43.13898849487305,
    "PSNR_dB": 17.471632847680052,
    "SSIM": 0.9818596839904785,
    "CNR": 1.2289116382598877,
    "SNR": 9.243653297424316
  },
  "sart_tv": {
    "MAE_HU": 43.116050720214844,
    "PSNR_dB": 17.4776313747991,
    "SSIM": 0.9818874597549438,
    "CNR": 1.2382287979125977,
    "SNR": 11.683144569396973
  }
}
