{
  "fbp": {
    "MAE_HU": 37.36890411376953,
    "PSNR_dB": 20.389758170120068,
    "SSIM": 0.99057537317276,
    "CNR": 1.2657703161239624,
    "SNR": 4.218750476837158
  },
  "sart": {
    "MAE_HU": 37.58417892456055,
    "PSNR_dB": 20.362562794724365,
    "SSIM": 0.9905022978782654,
    "CNR": 1.2522484064102173,
    "SNR": 3.57722544670105
  },
  "sart_tv": {
    "MAE_HU": 38.523983001708984,
    "PSNR_dB": 20.193510284847953,
    "SSIM": 0.9900956749916077,
    "CNR": 1.257888913154602,
    "SNR": 1.916785717010498
  }
}
