{
  "fbp": {
    "MAE_HU": 52.23426818847656,
    "PSNR_dB": 20.3333845608441,
    "SSIM": 0.9737415313720703,
    "CNR": 1.070536732673645,
    "SNR": -5.23844051361084
  },
  "sart": {
    "MAE_HU": 53.529781341552734,
    "PSNR_dB": 20.181227688986528,
    "SSIM": 0.9728406667709351,
    "CNR": 1.070402979850769,
    "SNR": 2.6151773929595947
  },
  "sart_tv": {
    "MAE_HU": 53.25677490234375,
    "PSNR_dB": 20.22365424864109,
    "SSIM": 0.9730744957923889,
    "CNR": 1.0723069906234741,
    "SNR": 1.7650432586669922
  }
}
