{
  "fbp": {
    "MAE_HU": 159.54693603515625,
    "PSNR_dB": 10.29282285535137,
    "SSIM": 0.7870349287986755,
    "CNR": 1.1079033613204956,
    "SNR": 0.25823986530303955
  },
  "sart": {
    "MAE_HU": 161.44512939453125,
    "PSNR_dB": 10.256006713286112,
    "SSIM": 0.785228431224823,
    "CNR": 1.0573818683624268,
    "SNR": 0.10922146588563919
  },
  "sart_tv": {
    "MAE_HU": 160.93267822265625,
    "PSNR_dB": 10.267421189189779,
    "SSIM": 0.7855439186096191,
    "CNR": 1.0801838636398315,
    "SNR": 0.15292105078697205
  }
}
