{
  "fbp": {
    "MAE_HU": 39.583526611328125,
    "PSNR_dB": 20.948475080370287,
    "SSIM": 0.988659679889679,
    "CNR": 1.239816427230835,
    "SNR": 14.424726486206055
  },
  "sart": {
    "MAE_HU": 40.2838134765625,
    "PSNR_dB": 20.773808615559194,
    "SSIM": 0.9883050918579102,
    "CNR": 1.2335035800933838,
    "SNR": 9.052034378051758
  },
  "sart_tv": {
    "MAE_HU": 40.197052001953125,
    "PSNR_dB": 20.79250367107507,
    "SSIM": 0.9883503317832947,
    "CNR": 1.2416528463363647,
    "SNR": 11.409578323364258
  }
}
