{
  "fbp": {
    "MAE_HU": 44.46949768066406,
    "PSNR_dB": 21.491432064507947,
    "SSIM": 0.9820788502693176,
    "CNR": 1.1304376125335693,
    "SNR": 0.07936421036720276
  },
  "sart": {
    "MAE_HU": 45.72323989868164,
    "PSNR_dB": 21.29817470743857,
    "SSIM": 0.9812920093536377,
    "CNR": 1.1301649808883667,
    "SNR": 0.501071572303772
  },
  "sart_tv": {
    "MAE_HU": 45.2700080871582,
    "PSNR_dB": 21.362317025448142,
    "SSIM": 0.9815415740013123,
    "CNR": 1.1321396827697754,
    "SNR": 0.32522109150886536
  }
}
