{
  "fbp": {
    "MAE_HU": 38.61709976196289,
    "PSNR_dB": 17.950406991126947,
    "SSIM": 0.989140510559082,
    "CNR": 1.3760427236557007,
    "SNR": 11.559995651245117
  },
  "sart": {
    "MAE_HU": 38.598716735839844,
    "PSNR_dB": 17.921546407535736,
    "SSIM": 0.9891173243522644,
    "CNR": 1.3724561929702759,
    "SNR": 8.163466453552246
  },
  "sart_tv": {
    "MAE_HU": 38.513816833496094,
    "PSNR_dB": 17.93911913800036,
    "SSIM": 0.9891606569290161,
    "CNR": 1.3740050792694092,
    "SNR": 10.124253273010254
  }
}