{
  "fbp": {
    "MAE_HU": 39.36948776245117,
    "PSNR_dB": 21.099001072269296,
    "SSIM": 0.9907110333442688,
    "CNR": 1.5558425188064575,
    "SNR": 0.781407356262207
  },
  "sart": {
    "MAE_HU": 37.30231857299805,
    "PSNR_dB": 21.486627625151463,
    "SSIM": 0.9914596080780029,
    "CNR": 1.5359500646591187,
    "SNR": 0.8523851037025452
  },
  "sart_tv": {
    "MAE_HU": 39.850433349609375,
    "PSNR_dB": 20.878843417676947,
    "SSIM": 0.9901639819145203,
    "CNR": 1.5542755126953125,
    "SNR": 0.6490176320075989
  }
}
