{
  "fbp": {
    "MAE_HU": 45.499855041503906,
    "PSNR_dB": 19.0267567356412,
    "SSIM": 0.9775639772415161,
    "CNR": 1.148053526878357,
    "SNR": 14.325295448303223
  },
  "sart": {
    "MAE_HU": 46.78925704956055,
    "PSNR_dB": 18.787940576485976,
    "SSIM": 0.9761086702346802,
    "CNR": 1.1736888885498047,
    "SNR": 1.2100797891616821
  },
  "sart_tv": {
    "MAE_HU": 48.54914093017578,
    "PSNR_dB": 18.579060722651956,
    "SSIM": 0.974825382232666,
    "CNR": 1.1877734661102295,
    "SNR": 0.8540087342262268
  }
}
