{
  "fbp": {
    "MAE_HU": 357.9578552246094,
    "PSNR_dB": 14.326160444308956,
    "SSIM": 0.47691649198532104,
    "CNR": 2.6254072189331055,
    "SNR": -0.2047685831785202
  },
  "sart": {
    "MAE_HU": 422.7267761230469,
    "PSNR_dB": 12.72613969413922,
    "SSIM": 0.37584632635116577,
    "CNR": 2.6293537616729736,
    "SNR": -0.10875578224658966
  },
  "sart_tv": {
    "MAE_HU": 493.8740539550781,
    "PSNR_dB": 11.518705213140212,
    "SSIM": 0.3188568651676178,
    "CNR": 2.5790741443634033,
    "SNR": -0.04293018952012062
  }
}