{
  "fbp": {
    "MAE_HU": 42.633453369140625,
    "PSNR_dB": 18.188168052499417,
    "SSIM": 0.9820138216018677,
    "CNR": 1.357810616493225,
    "SNR": 1.3749972581863403
  },
  "sart": {
    "MAE_HU": 41.57221984863281,
    "PSNR_dB": 18.2797273823803,
    "SSIM": 0.9824711084365845,
    "CNR": 1.3382313251495361,
    "SNR": 7.780979633331299
  },
  "sart_tv": {
    "MAE_HU": 41.550437927246094,
    "PSNR_dB": 18.303346735112072,
    "SSIM": 0.9825353622436523,
    "CNR": 1.3403854370117188,
    "SNR": 9.533900260925293
  }
}
