{
  "fbp": {
    "MAE_HU": 60.11354064941406,
    "PSNR_dB": 17.82430353655494,
    "SSIM": 0.9566605687141418,
    "CNR": 1.0661630630493164,
    "SNR": -6.141870975494385
  },
  "sart": {
    "MAE_HU": 61.46139144897461,
    "PSNR_dB": 17.824038683607792,
    "SSIM": 0.9567095637321472,
    "CNR": 1.0659940242767334,
    "SNR": 2.489497423171997
  },
  "sart_tv": {
    "MAE_HU": 61.169090270996094,
    "PSNR_dB": 17.834357844693063,
    "SSIM": 0.956761360168457,
    "CNR": 1.067925214767456,
    "SNR": 1.5963243246078491
  }
}
