{
  "fbp": {
    "MAE_HU": 54.133548736572266,
    "PSNR_dB": 19.482691955790685,
    "SSIM": 0.9654345512390137,
    "CNR": 1.0676538944244385,
    "SNR": -9.78083610534668
  },
  "sart": {
    "MAE_HU": 55.74534606933594,
    "PSNR_dB": 19.397527718951377,
    "SSIM": 0.9647942781448364,
    "CNR": 1.0674965381622314,
    "SNR": 2.6202728748321533
  },
  "sart_tv": {
    "MAE_HU": 55.41291427612305,
    "PSNR_dB": 19.424999815326792,
    "SSIM": 0.9649752378463745,
    "CNR": 1.0694106817245483,
    "SNR": 1.7397421598434448
  }
}
