{
  "fbp": {
    "MAE_HU": 95.13423919677734,
    "PSNR_dB": 5.384388516471789,
    "SSIM": 0.9018676280975342,
    "CNR": 1.664903998374939,
    "SNR": 0.40766721963882446
  },
  "sart": {
    "MAE_HU": 95.71324157714844,
    "PSNR_dB": 5.388571380239421,
    "SSIM": 0.9019434452056885,
    "CNR": 1.6609179973602295,
    "SNR": 0.11975318938493729
  },
  "sart_tv": {
    "MAE_HU": 96.0783462524414,
    "PSNR_dB": 5.398312642447159,
    "SSIM": 0.9020196199417114,
    "CNR": 1.6602299213409424,
    "SNR": 0.07464324682950974
  }
}
