{
  "fbp": {
    "MAE_HU": 40.521156311035156,
    "PSNR_dB": 20.94449162065368,
    "SSIM": 0.9884262681007385,
    "CNR": 1.2539587020874023,
    "SNR": 15.894571304321289
  },
  "sart": {
    "MAE_HU": 40.81844711303711,
    "PSNR_dB": 20.861091778573684,
    "SSIM": 0.9882469773292542,
    "CNR": 1.246781349182129,
    "SNR": 9.075151443481445
  },
  "sart_tv": {
    "MAE_HU": 40.656578063964844,
    "PSNR_dB": 20.894368446854216,
    "SSIM": 0.9883206486701965,
    "CNR": 1.2535057067871094,
    "SNR": 11.4986572265625
  }
}
