{
  "fbp": {
    "MAE_HU": 44.889488220214844,
    "PSNR_dB": 15.456025033150716,
    "SSIM": 0.9818395972251892,
    "CNR": 1.2017403841018677,
    "SNR": 0.0563957542181015
  },
  "sart": {
    "MAE_HU": 45.495975494384766,
    "PSNR_dB": 15.316438234292544,
    "SSIM": 0.9812883734703064,
    "CNR": 1.2016944885253906,
    "SNR": 0.4382426142692566
  },
  "sart_tv": {
    "MAE_HU": 45.44331741333008,
    "PSNR_dB": 15.341360237328399,
    "SSIM": 0.9813715219497681,
    "CNR": 1.2035852670669556,
    "SNR": 0.3721719980239868
  }
}
