{
  "fbp": {
    "MAE_HU": 47.42863082885742,
    "PSNR_dB": 16.40881084330499,
    "SSIM": 0.9781971573829651,
    "CNR": 1.2062076330184937,
    "SNR": 0.05128370597958565
  },
  "sart": {
    "MAE_HU": 48.10721206665039,
    "PSNR_dB": 16.23616538988774,
    "SSIM": 0.9773648381233215,
    "CNR": 1.2061301469802856,
    "SNR": 0.41587042808532715
  },
  "sart_tv": {
    "MAE_HU": 47.98550796508789,
    "PSNR_dB": 16.27773098880993,
    "SSIM": 0.977552056312561,
    "CNR": 1.2080187797546387,
    "SNR": 0.36315396428108215
  }
}
