{
  "fbp": {
    "MAE_HU": 170.6038818359375,
    "PSNR_dB": 7.263862714806374,
    "SSIM": 0.7720068693161011,
    "CNR": 1.079159140586853,
    "SNR": 0.5122178196907043
  },
  "sart": {
    "MAE_HU": 171.877197265625,
    "PSNR_dB": 7.236304440102348,
    "SSIM": 0.7706759572029114,
    "CNR": 1.0792286396026611,
    "SNR": 0.420775830745697
  },
  "sart_tv": {
    "MAE_HU": 171.53981018066406,
    "PSNR_dB": 7.248447568199687,
    "SSIM": 0.7709470391273499,
    "CNR": 1.0811784267425537,
    "SNR": 0.2784503102302551
  }
}
