{
  "fbp": {
    "MAE_HU": 172.36672973632812,
    "PSNR_dB": 9.555332016140742,
    "SSIM": 0.7712240815162659,
    "CNR": 1.0629783868789673,
    "SNR": 1.0246100425720215
  },
  "sart": {
    "MAE_HU": 172.373046875,
    "PSNR_dB": 9.599052518838864,
    "SSIM": 0.7734587788581848,
    "CNR": 1.0630565881729126,
    "SNR": 0.07964978367090225
  },
  "sart_tv": {
    "MAE_HU": 172.697509765625,
    "PSNR_dB": 9.597889291617765,
    "SSIM": 0.7729891538619995,
    "CNR": 1.0654484033584595,
    "SNR": -0.12050912529230118
  }
}
