{
  "fbp": {
    "MAE_HU": 60.47034454345703,
    "PSNR_dB": 13.673727202574444,
    "SSIM": 0.964633584022522,
    "CNR": 1.7989797592163086,
    "SNR": 0.3063225746154785
  },
  "sart": {
    "MAE_HU": 59.323081970214844,
    "PSNR_dB": 13.738048431495784,
    "SSIM": 0.965255856513977,
    "CNR": 1.8127820491790771,
    "SNR": 0.2834542691707611
  },
  "sart_tv": {
    "MAE_HU": 59.395198822021484,
    "PSNR_dB": 13.742087125882374,
    "SSIM": 0.9652602672576904,
    "CNR": 1.8127609491348267,
    "SNR": 0.3087354004383087
  }
}