{
  "fbp": {
    "MAE_HU": 57.36817169189453,
    "PSNR_dB": 17.347284986018405,
    "SSIM": 0.9598659873008728,
    "CNR": 1.0647073984146118,
    "SNR": -6.288156509399414
  },
  "sart": {
    "MAE_HU": 58.58909225463867,
    "PSNR_dB": 17.371872983993168,
    "SSIM": 0.9601394534111023,
    "CNR": 1.064569115638733,
    "SNR": 2.4306955337524414
  },
  "sart_tv": {
    "MAE_HU": 58.32590103149414,
    "PSNR_dB": 17.386212181056845,
    "SSIM": 0.9602231979370117,
    "CNR": 1.066505789756775,
    "SNR": 1.5801066160202026
  }
}
