{
  "fbp": {
    "MAE_HU": 63.956626892089844,
    "PSNR_dB": 13.307900237711827,
    "SSIM": 0.9578761458396912,
    "CNR": 1.8332933187484741,
    "SNR": 0.483342707157135
  },
  "sart": {
    "MAE_HU": 63.646392822265625,
    "PSNR_dB": 13.329038878128534,
    "SSIM": 0.958135187625885,
    "CNR": 1.8371906280517578,
    "SNR": 0.2480546534061432
  },
  "sart_tv": {
    "MAE_HU": 63.8301887512207,
    "PSNR_dB": 13.338687755230225,
    "SSIM": 0.9581896066665649,
    "CNR": 1.8372750282287598,
    "SNR": 0.24804294109344482
  }
}
