{
  "fbp": {
    "MAE_HU": 55.634437561035156,
    "PSNR_dB": 14.197666464236162,
    "SSIM": 0.9715760946273804,
    "CNR": 1.7416452169418335,
    "SNR": 0.41190826892852783
  },
  "sart": {
    "MAE_HU": 55.36322784423828,
    "PSNR_dB": 14.210517470880102,
    "SSIM": 0.9716923236846924,
    "CNR": 1.7456433773040771,
    "SNR": 0.21072924137115479
  },
  "sart_tv": {
    "MAE_HU": 55.40076446533203,
    "PSNR_dB": 14.227688110901688,
    "SSIM": 0.971785306930542,
    "CNR": 1.7464483976364136,
    "SNR": 0.2259351909160614
  }
}
