{
  "fbp": {
    "MAE_HU": 42.38948059082031,
    "PSNR_dB": 19.711260218407375,
    "SSIM": 0.9892251491546631,
    "CNR": 1.5812677145004272,
    "SNR": 0.5794446468353271
  },
  "sart": {
    "MAE_HU": 39.30765151977539,
    "PSNR_dB": 20.19146084521576,
    "SSIM": 0.990299642086029,
    "CNR": 1.568632960319519,
    "SNR": 0.6879487037658691
  },
  "sart_tv": {
    "MAE_HU": 41.763572692871094,
    "PSNR_dB": 19.695519630493166,
    "SSIM": 0.9891103506088257,
    "CNR": 1.586669921875,
    "SNR": 0.5435217618942261
  }
}
