{
  "fbp": {
    "MAE_HU": 132.49176025390625,
    "PSNR_dB": 14.51240962554081,
    "SSIM": 0.8147631287574768,
    "CNR": 2.4589152336120605,
    "SNR": 0.14332853257656097
  },
  "sart": {
    "MAE_HU": 121.96665954589844,
    "PSNR_dB": 16.64955100126769,
    "SSIM": 0.8758675456047058,
    "CNR": 1.528922200202942,
    "SNR": 1.0723493099212646
  },
  "sart_tv": {
    "MAE_HU": 122.24458312988281,
    "PSNR_dB": 16.789645949481116,
    "SSIM": 0.9160972833633423,
    "CNR": 1.3780986070632935,
    "SNR": 1.1564263105392456
  }
}