{
  "fbp": {
    "MAE_HU": 39.02603530883789,
    "PSNR_dB": 17.061708226905765,
    "SSIM": 0.9871143102645874,
    "CNR": 1.387468934059143,
    "SNR": 2.7891921997070312
  },
  "sart": {
    "MAE_HU": 39.002403259277344,
    "PSNR_dB": 17.102090604792764,
    "SSIM": 0.9872505068778992,
    "CNR": 1.3723338842391968,
    "SNR": 7.739607334136963
  },
  "sart_tv": {
    "MAE_HU": 38.976478576660156,
    "PSNR_dB": 17.113348018303398,
    "SSIM": 0.9872715473175049,
    "CNR": 1.3738341331481934,
    "SNR": 9.465929985046387
  }
}
