{
  "fbp": {
    "MAE_HU": 43.590396881103516,
    "PSNR_dB": 18.65434549261432,
    "SSIM": 0.9875634908676147,
    "CNR": 1.264037847518921,
    "SNR": 18.58687973022461
  },
  "sart": {
    "MAE_HU": 44.30428695678711,
    "PSNR_dB": 18.53233144481726,
    "SSIM": 0.9873023629188538,
    "CNR": 1.2570221424102783,
    "SNR": 11.149370193481445
  },
  "sart_tv": {
    "MAE_HU": 44.37239456176758,
    "PSNR_dB": 18.52042383208396,
    "SSIM": 0.9872866868972778,
    "CNR": 1.2627848386764526,
    "SNR": 15.134368896484375
  }
}
