{
  "fbp": {
    "MAE_HU": 51.97868728637695,
    "PSNR_dB": 12.81159156908975,
    "SSIM": 0.9779650568962097,
    "CNR": 1.6680899858474731,
    "SNR": 0.32422444224357605
  },
  "sart": {
    "MAE_HU": 51.743953704833984,
    "PSNR_dB": 12.815408421550558,
    "SSIM": 0.97800612449646,
    "CNR": 1.6718946695327759,
    "SNR": 0.16657963395118713
  },
  "sart_tv": {
    "MAE_HU": 51.67573165893555,
    "PSNR_dB": 12.839833428617522,
    "SSIM": 0.978117823600769,
    "CNR": 1.6728742122650146,
    "SNR": 0.18565699458122253
  }
}
