{
  "fbp": {
    "MAE_HU": 50.96555709838867,
    "PSNR_dB": 19.601177574335644,
    "SSIM": 0.9749879240989685,
    "CNR": 1.1647204160690308,
    "SNR": 0.10249845683574677
  },
  "sart": {
    "MAE_HU": 51.560020446777344,
    "PSNR_dB": 19.47082326611918,
    "SSIM": 0.9742649793624878,
    "CNR": 1.1645927429199219,
    "SNR": 0.3737252354621887
  },
  "sart_tv": {
    "MAE_HU": 51.43219757080078,
    "PSNR_dB": 19.49973788770481,
    "SSIM": 0.9744045734405518,
    "CNR": 1.1664825677871704,
    "SNR": 0.272205114364624
  }
}
