{
  "fbp": {
    "MAE_HU": 44.59648132324219,
    "PSNR_dB": 17.8516834054945,
    "SSIM": 0.9812436699867249,
    "CNR": 1.1862369775772095,
    "SNR": 0.07486875355243683
  },
  "sart": {
    "MAE_HU": 45.10858154296875,
    "PSNR_dB": 17.661606329644545,
    "SSIM": 0.9804438352584839,
    "CNR": 1.1861283779144287,
    "SNR": 0.4173475205898285
  },
  "sart_tv": {
    "MAE_HU": 45.05643844604492,
    "PSNR_dB": 17.70340680734946,
    "SSIM": 0.9806064963340759,
    "CNR": 1.1880193948745728,
    "SNR": 0.34357985854148865
  }
}
