{
  "fbp": {
    "MAE_HU": 175.52926635742188,
    "PSNR_dB": 9.063185729687254,
    "SSIM": 0.7662432789802551,
    "CNR": 1.0634456872940063,
    "SNR": 1.000309944152832
  },
  "sart": {
    "MAE_HU": 175.73727416992188,
    "PSNR_dB": 9.098501185382293,
    "SSIM": 0.7680978775024414,
    "CNR": 1.0635133981704712,
    "SNR": 0.12340551614761353
  },
  "sart_tv": {
    "MAE_HU": 176.00247192382812,
    "PSNR_dB": 9.098385252571457,
    "SSIM": 0.7676876783370972,
    "CNR": 1.0657958984375,
    "SNR": -0.06473615765571594
  }
}
