{
  "fbp": {
    "MAE_HU": 113.48845672607422,
    "PSNR_dB": 10.344277504063175,
    "SSIM": 0.8607995510101318,
    "CNR": 1.3417994976043701,
    "SNR": 0.4991897940635681
  },
  "sart": {
    "MAE_HU": 115.30183410644531,
    "PSNR_dB": 10.313532261714634,
    "SSIM": 0.8594832420349121,
    "CNR": 1.3235634565353394,
    "SNR": -0.025360025465488434
  },
  "sart_tv": {
    "MAE_HU": 115.35640716552734,
    "PSNR_dB": 10.324692757651947,
    "SSIM": 0.8596683144569397,
    "CNR": 1.3244739770889282,
    "SNR": -0.07069042325019836
  }
}
