{
  "fbp": {
    "Liver": {
      "n_voxels": 0,
      "pred_HU_mean": null,
      "truth_HU_mean": null
    },
    "R_Kidney": {
      "n_voxels": 2103,
      "pred_HU_mean": 40.151084899902344,
      "truth_HU_mean": 96.86971282958984,
      "abs_err_HU": 56.7186279296875
    },
    "Spleen": {
      "n_voxels": 0,
      "pred_HU_mean": null,
      "truth_HU_mean": null
    },
    "Pancreas": {
      "n_voxels": 1497,
      "pred_HU_mean": 38.42498016357422,
      "truth_HU_mean": 63.9251823425293,
      "abs_err_HU": 25.500202178955078
    },
    "Aorta": {
      "n_voxels": 1702,
      "pred_HU_mean": 38.3590202331543,
      "truth_HU_mean": 106.1885986328125,
      "abs_err_HU": 67.8295783996582
    },
    "IVC": {
      "n_voxels": 531,
      "pred_HU_mean": 38.60523223876953,
      "truth_HU_mean": 95.93973541259766,
      "abs_err_HU": 57.334503173828125
    },
    "R_Adrenal": {
      "n_voxels": 0,
      "pred_HU_mean": null,
      "truth_HU_mean": null
    },
    "L_Adrenal": {
      "n_voxels": 0,
      "pred_HU_mean": null,
      "truth_HU_mean": null
    },
    "Gallbladder": {
      "n_voxels": 0,
      "pred_HU_mean": null,
      "truth_HU_mean": null
    },
    "Esophagus": {
      "n_voxels": 0,
      "pred_HU_mean": null,
      "truth_HU_mean": null
    },
    "Stomach": {
      "n_voxels": 0,
      "pred_HU_mean": null,
      "truth_HU_mean": null
    },
    "Duodenum": {
      "n_voxels": 839,
      "pred_HU_mean": 38.72139358520508,
      "truth_HU_mean": 22.373064041137695,
      "abs_err_HU": 16.348329544067383
    },
    "L_Kidney": {
      "n_voxels": 2110,
      "pred_HU_mean": 40.65406799316406,
      "truth_HU_mean": 123.78578186035156,
      "abs_err_HU": 83.1317138671875
    }
  },
  "sart": {
    "Liver": {
      "n_voxels": 0,
      "pred_HU_mean": null,
      "truth_HU_mean": null
    },
    "R_Kidney": {
      "n_voxels": 2103,
      "pred_HU_mean": 32.0526237487793,
      "truth_HU_mean": 96.86971282958984,
      "abs_err_HU": 64.81708908081055
    },
    "Spleen": {
      "n_voxels": 0,
      "pred_HU_mean": null,
      "truth_HU_mean": null
    },
    "Pancreas": {
      "n_voxels": 1497,
      "pred_HU_mean": 56.864986419677734,
      "truth_HU_mean": 63.9251823425293,
      "abs_err_HU": 7.0601959228515625
    },
    "Aorta": {
      "n_voxels": 1702,
      "pred_HU_mean": 41.71134567260742,
      "truth_HU_mean": 106.1885986328125,
      "abs_err_HU": 64.47725296020508
    },
    "IVC": {
      "n_voxels": 531,
      "pred_HU_mean": 49.975341796875,
      "truth_HU_mean": 95.93973541259766,
      "abs_err_HU": 45.964393615722656
    },
    "R_Adrenal": {
      "n_voxels": 0,
      "pred_HU_mean": null,
      "truth_HU_mean": null
    },
    "L_Adrenal": {
      "n_voxels": 0,
      "pred_HU_mean": null,
      "truth_HU_mean": null
    },
    "Gallbladder": {
      "n_voxels": 0,
      "pred_HU_mean": null,
      "truth_HU_mean": null
    },
    "Esophagus": {
      "n_voxels": 0,
      "pred_HU_mean": null,
      "truth_HU_mean": null
    },
    "Stomach": {
      "n_voxels": 0,
      "pred_HU_mean": null,
      "truth_HU_mean": null
    },
    "Duodenum": {
      "n_voxels": 839,
      "pred_HU_mean": 52.42710494995117,
      "truth_HU_mean": 22.373064041137695,
      "abs_err_HU": 30.054040908813477
    },
    "L_Kidney": {
      "n_voxels": 2110,
      "pred_HU_mean": 29.375179290771484,
      "truth_HU_mean": 123.78578186035156,
      "abs_err_HU": 94.41060256958008
    }
  },
  "sart_tv": {
    "Liver": {
      "n_voxels": 0,
      "pred_HU_mean": null,
      "truth_HU_mean": null
    },
    "R_Kidney": {
      "n_voxels": 2103,
      "pred_HU_mean": 30.85638999938965,
      "truth_HU_mean": 96.86971282958984,
      "abs_err_HU": 66.0133228302002
    },
    "Spleen": {
      "n_voxels": 0,
      "pred_HU_mean": null,
      "truth_HU_mean": null
    },
    "Pancreas": {
      "n_voxels": 1497,
      "pred_HU_mean": 61.86540603637695,
      "truth_HU_mean": 63.9251823425293,
      "abs_err_HU": 2.0597763061523438
    },
    "Aorta": {
      "n_voxels": 1702,
      "pred_HU_mean": 38.404396057128906,
      "truth_HU_mean": 106.1885986328125,
      "abs_err_HU": 67.7842025756836
    },
    "IVC": {
      "n_voxels": 531,
      "pred_HU_mean": 51.19878387451172,
      "truth_HU_mean": 95.93973541259766,
      "abs_err_HU": 44.74095153808594
    },
    "R_Adrenal": {
      "n_voxels": 0,
      "pred_HU_mean": null,
      "truth_HU_mean": null
    },
    "L_Adrenal": {
      "n_voxels": 0,
      "pred_HU_mean": null,
      "truth_HU_mean": null
    },
    "Gallbladder": {
      "n_voxels": 0,
      "pred_HU_mean": null,
      "truth_HU_mean": null
    },
    "Esophagus": {
      "n_voxels": 0,
      "pred_HU_mean": null,
      "truth_HU_mean": null
    },
    "Stomach": {
      "n_voxels": 0,
      "pred_HU_mean": null,
      "truth_HU_mean": null
    },
    "Duodenum": {
      "n_voxels": 839,
      "pred_HU_mean": 54.99462890625,
      "truth_HU_mean": 22.373064041137695,
      "abs_err_HU": 32.621564865112305
    },
    "L_Kidney": {
      "n_voxels": 2110,
      "pred_HU_mean": 25.16442108154297,
      "truth_HU_mean": 123.78578186035156,
      "abs_err_HU": 98.6213607788086
    }
  }
}
