{
  "fbp": {
    "Liver": {
      "n_voxels": 7915,
      "pred_HU_mean": 58.338565826416016,
      "truth_HU_mean": 123.84738159179688,
      "abs_err_HU": 65.50881576538086
    },
    "R_Kidney": {
      "n_voxels": 0,
      "pred_HU_mean": null,
      "truth_HU_mean": null
    },
    "Spleen": {
      "n_voxels": 0,
      "pred_HU_mean": null,
      "truth_HU_mean": null
    },
    "Pancreas": {
      "n_voxels": 3799,
      "pred_HU_mean": 38.78316116333008,
      "truth_HU_mean": 53.938140869140625,
      "abs_err_HU": 15.154979705810547
    },
    "Aorta": {
      "n_voxels": 829,
      "pred_HU_mean": 13.897554397583008,
      "truth_HU_mean": 121.87696075439453,
      "abs_err_HU": 107.97940635681152
    },
    "IVC": {
      "n_voxels": 741,
      "pred_HU_mean": 17.769704818725586,
      "truth_HU_mean": 110.2726058959961,
      "abs_err_HU": 92.50290107727051
    },
    "R_Adrenal": {
      "n_voxels": 219,
      "pred_HU_mean": 22.050111770629883,
      "truth_HU_mean": 51.657535552978516,
      "abs_err_HU": 29.607423782348633
    },
    "L_Adrenal": {
      "n_voxels": 295,
      "pred_HU_mean": 25.355905532836914,
      "truth_HU_mean": 49.77288055419922,
      "abs_err_HU": 24.416975021362305
    },
    "Gallbladder": {
      "n_voxels": 0,
      "pred_HU_mean": null,
      "truth_HU_mean": null
    },
    "Esophagus": {
      "n_voxels": 0,
      "pred_HU_mean": null,
      "truth_HU_mean": null
    },
    "Stomach": {
      "n_voxels": 1104,
      "pred_HU_mean": 25.780517578125,
      "truth_HU_mean": 53.769927978515625,
      "abs_err_HU": 27.989410400390625
    },
    "Duodenum": {
      "n_voxels": 0,
      "pred_HU_mean": null,
      "truth_HU_mean": null
    },
    "L_Kidney": {
      "n_voxels": 762,
      "pred_HU_mean": 63.4271354675293,
      "truth_HU_mean": 134.89108276367188,
      "abs_err_HU": 71.46394729614258
    }
  },
  "sart": {
    "Liver": {
      "n_voxels": 7915,
      "pred_HU_mean": 39.03228759765625,
      "truth_HU_mean": 123.84738159179688,
      "abs_err_HU": 84.81509399414062
    },
    "R_Kidney": {
      "n_voxels": 0,
      "pred_HU_mean": null,
      "truth_HU_mean": null
    },
    "Spleen": {
      "n_voxels": 0,
      "pred_HU_mean": null,
      "truth_HU_mean": null
    },
    "Pancreas": {
      "n_voxels": 3799,
      "pred_HU_mean": 51.10959243774414,
      "truth_HU_mean": 53.938140869140625,
      "abs_err_HU": 2.8285484313964844
    },
    "Aorta": {
      "n_voxels": 829,
      "pred_HU_mean": 53.21524429321289,
      "truth_HU_mean": 121.87696075439453,
      "abs_err_HU": 68.66171646118164
    },
    "IVC": {
      "n_voxels": 741,
      "pred_HU_mean": 60.69746398925781,
      "truth_HU_mean": 110.2726058959961,
      "abs_err_HU": 49.57514190673828
    },
    "R_Adrenal": {
      "n_voxels": 219,
      "pred_HU_mean": 43.99188995361328,
      "truth_HU_mean": 51.657535552978516,
      "abs_err_HU": 7.665645599365234
    },
    "L_Adrenal": {
      "n_voxels": 295,
      "pred_HU_mean": 62.07268142700195,
      "truth_HU_mean": 49.77288055419922,
      "abs_err_HU": 12.299800872802734
    },
    "Gallbladder": {
      "n_voxels": 0,
      "pred_HU_mean": null,
      "truth_HU_mean": null
    },
    "Esophagus": {
      "n_voxels": 0,
      "pred_HU_mean": null,
      "truth_HU_mean": null
    },
    "Stomach": {
      "n_voxels": 1104,
      "pred_HU_mean": 27.398235321044922,
      "truth_HU_mean": 53.769927978515625,
      "abs_err_HU": 26.371692657470703
    },
    "Duodenum": {
      "n_voxels": 0,
      "pred_HU_mean": null,
      "truth_HU_mean": null
    },
    "L_Kidney": {
      "n_voxels": 762,
      "pred_HU_mean": 1.1234220266342163,
      "truth_HU_mean": 134.89108276367188,
      "abs_err_HU": 133.76766073703766
    }
  },
  "sart_tv": {
    "Liver": {
      "n_voxels": 7915,
      "pred_HU_mean": 40.701515197753906,
      "truth_HU_mean": 123.84738159179688,
      "abs_err_HU": 83.14586639404297
    },
    "R_Kidney": {
      "n_voxels": 0,
      "pred_HU_mean": null,
      "truth_HU_mean": null
    },
    "Spleen": {
      "n_voxels": 0,
      "pred_HU_mean": null,
      "truth_HU_mean": null
    },
    "Pancreas": {
      "n_voxels": 3799,
      "pred_HU_mean": 58.4227180480957,
      "truth_HU_mean": 53.938140869140625,
      "abs_err_HU": 4.484577178955078
    },
    "Aorta": {
      "n_voxels": 829,
      "pred_HU_mean": 58.8457145690918,
      "truth_HU_mean": 121.87696075439453,
      "abs_err_HU": 63.031246185302734
    },
    "IVC": {
      "n_voxels": 741,
      "pred_HU_mean": 73.29563903808594,
      "truth_HU_mean": 110.2726058959961,
      "abs_err_HU": 36.976966857910156
    },
    "R_Adrenal": {
      "n_voxels": 219,
      "pred_HU_mean": 50.42416000366211,
      "truth_HU_mean": 51.657535552978516,
      "abs_err_HU": 1.2333755493164062
    },
    "L_Adrenal": {
      "n_voxels": 295,
      "pred_HU_mean": 76.69046783447266,
      "truth_HU_mean": 49.77288055419922,
      "abs_err_HU": 26.917587280273438
    },
    "Gallbladder": {
      "n_voxels": 0,
      "pred_HU_mean": null,
      "truth_HU_mean": null
    },
    "Esophagus": {
      "n_voxels": 0,
      "pred_HU_mean": null,
      "truth_HU_mean": null
    },
    "Stomach": {
      "n_voxels": 1104,
      "pred_HU_mean": 14.511575698852539,
      "truth_HU_mean": 53.769927978515625,
      "abs_err_HU": 39.258352279663086
    },
    "Duodenum": {
      "n_voxels": 0,
      "pred_HU_mean": null,
      "truth_HU_mean": null
    },
    "L_Kidney": {
      "n_voxels": 762,
      "pred_HU_mean": -24.136232376098633,
      "truth_HU_mean": 134.89108276367188,
      "abs_err_HU": 159.0273151397705
    }
  }
}
