{
  "fbp": {
    "Liver": {
      "n_voxels": 0,
      "pred_HU_mean": null,
      "truth_HU_mean": null
    },
    "R_Kidney": {
      "n_voxels": 2103,
      "pred_HU_mean": 39.059913635253906,
      "truth_HU_mean": 96.86971282958984,
      "abs_err_HU": 57.80979919433594
    },
    "Spleen": {
      "n_voxels": 0,
      "pred_HU_mean": null,
      "truth_HU_mean": null
    },
    "Pancreas": {
      "n_voxels": 1497,
      "pred_HU_mean": 37.236881256103516,
      "truth_HU_mean": 63.9251823425293,
      "abs_err_HU": 26.68830108642578
    },
    "Aorta": {
      "n_voxels": 1702,
      "pred_HU_mean": 37.1108512878418,
      "truth_HU_mean": 106.1885986328125,
      "abs_err_HU": 69.0777473449707
    },
    "IVC": {
      "n_voxels": 531,
      "pred_HU_mean": 37.303653717041016,
      "truth_HU_mean": 95.93973541259766,
      "abs_err_HU": 58.63608169555664
    },
    "R_Adrenal": {
      "n_voxels": 0,
      "pred_HU_mean": null,
      "truth_HU_mean": null
    },
    "L_Adrenal": {
      "n_voxels": 0,
      "pred_HU_mean": null,
      "truth_HU_mean": null
    },
    "Gallbladder": {
      "n_voxels": 0,
      "pred_HU_mean": null,
      "truth_HU_mean": null
    },
    "Esophagus": {
      "n_voxels": 0,
      "pred_HU_mean": null,
      "truth_HU_mean": null
    },
    "Stomach": {
      "n_voxels": 0,
      "pred_HU_mean": null,
      "truth_HU_mean": null
    },
    "Duodenum": {
      "n_voxels": 839,
      "pred_HU_mean": 37.42107391357422,
      "truth_HU_mean": 22.373064041137695,
      "abs_err_HU": 15.048009872436523
    },
    "L_Kidney": {
      "n_voxels": 2110,
      "pred_HU_mean": 39.365684509277344,
      "truth_HU_mean": 123.78578186035156,
      "abs_err_HU": 84.42009735107422
    }
  },
  "sart": {
    "Liver": {
      "n_voxels": 0,
      "pred_HU_mean": null,
      "truth_HU_mean": null
    },
    "R_Kidney": {
      "n_voxels": 2103,
      "pred_HU_mean": 33.11313247680664,
      "truth_HU_mean": 96.86971282958984,
      "abs_err_HU": 63.7565803527832
    },
    "Spleen": {
      "n_voxels": 0,
      "pred_HU_mean": null,
      "truth_HU_mean": null
    },
    "Pancreas": {
      "n_voxels": 1497,
      "pred_HU_mean": 52.81906509399414,
      "truth_HU_mean": 63.9251823425293,
      "abs_err_HU": 11.106117248535156
    },
    "Aorta": {
      "n_voxels": 1702,
      "pred_HU_mean": 40.8074951171875,
      "truth_HU_mean": 106.1885986328125,
      "abs_err_HU": 65.381103515625
    },
    "IVC": {
      "n_voxels": 531,
      "pred_HU_mean": 48.93138122558594,
      "truth_HU_mean": 95.93973541259766,
      "abs_err_HU": 47.00835418701172
    },
    "R_Adrenal": {
      "n_voxels": 0,
      "pred_HU_mean": null,
      "truth_HU_mean": null
    },
    "L_Adrenal": {
      "n_voxels": 0,
      "pred_HU_mean": null,
      "truth_HU_mean": null
    },
    "Gallbladder": {
      "n_voxels": 0,
      "pred_HU_mean": null,
      "truth_HU_mean": null
    },
    "Esophagus": {
      "n_voxels": 0,
      "pred_HU_mean": null,
      "truth_HU_mean": null
    },
    "Stomach": {
      "n_voxels": 0,
      "pred_HU_mean": null,
      "truth_HU_mean": null
    },
    "Duodenum": {
      "n_voxels": 839,
      "pred_HU_mean": 49.847408294677734,
      "truth_HU_mean": 22.373064041137695,
      "abs_err_HU": 27.47434425354004
    },
    "L_Kidney": {
      "n_voxels": 2110,
      "pred_HU_mean": 31.681657791137695,
      "truth_HU_mean": 123.78578186035156,
      "abs_err_HU": 92.10412406921387
    }
  },
  "sart_tv": {
    "Liver": {
      "n_voxels": 0,
      "pred_HU_mean": null,
      "truth_HU_mean": null
    },
    "R_Kidney": {
      "n_voxels": 2103,
      "pred_HU_mean": 32.09309387207031,
      "truth_HU_mean": 96.86971282958984,
      "abs_err_HU": 64.77661895751953
    },
    "Spleen": {
      "n_voxels": 0,
      "pred_HU_mean": null,
      "truth_HU_mean": null
    },
    "Pancreas": {
      "n_voxels": 1497,
      "pred_HU_mean": 55.50151443481445,
      "truth_HU_mean": 63.9251823425293,
      "abs_err_HU": 8.423667907714844
    },
    "Aorta": {
      "n_voxels": 1702,
      "pred_HU_mean": 38.29376220703125,
      "truth_HU_mean": 106.1885986328125,
      "abs_err_HU": 67.89483642578125
    },
    "IVC": {
      "n_voxels": 531,
      "pred_HU_mean": 49.93202209472656,
      "truth_HU_mean": 95.93973541259766,
      "abs_err_HU": 46.007713317871094
    },
    "R_Adrenal": {
      "n_voxels": 0,
      "pred_HU_mean": null,
      "truth_HU_mean": null
    },
    "L_Adrenal": {
      "n_voxels": 0,
      "pred_HU_mean": null,
      "truth_HU_mean": null
    },
    "Gallbladder": {
      "n_voxels": 0,
      "pred_HU_mean": null,
      "truth_HU_mean": null
    },
    "Esophagus": {
      "n_voxels": 0,
      "pred_HU_mean": null,
      "truth_HU_mean": null
    },
    "Stomach": {
      "n_voxels": 0,
      "pred_HU_mean": null,
      "truth_HU_mean": null
    },
    "Duodenum": {
      "n_voxels": 839,
      "pred_HU_mean": 51.24432373046875,
      "truth_HU_mean": 22.373064041137695,
      "abs_err_HU": 28.871259689331055
    },
    "L_Kidney": {
      "n_voxels": 2110,
      "pred_HU_mean": 29.02314567565918,
      "truth_HU_mean": 123.78578186035156,
      "abs_err_HU": 94.76263618469238
    }
  }
}