{
  "fbp": {
    "Liver": {
      "n_voxels": 3938,
      "pred_HU_mean": 31.825565338134766,
      "truth_HU_mean": 121.49669647216797,
      "abs_err_HU": 89.6711311340332
    },
    "R_Kidney": {
      "n_voxels": 651,
      "pred_HU_mean": 25.576019287109375,
      "truth_HU_mean": 136.90322875976562,
      "abs_err_HU": 111.32720947265625
    },
    "Spleen": {
      "n_voxels": 0,
      "pred_HU_mean": null,
      "truth_HU_mean": null
    },
    "Pancreas": {
      "n_voxels": 1861,
      "pred_HU_mean": 2.9574453830718994,
      "truth_HU_mean": 54.81837844848633,
      "abs_err_HU": 51.86093306541443
    },
    "Aorta": {
      "n_voxels": 716,
      "pred_HU_mean": -0.7223786115646362,
      "truth_HU_mean": 118.2094955444336,
      "abs_err_HU": 118.93187415599823
    },
    "IVC": {
      "n_voxels": 840,
      "pred_HU_mean": 5.256953716278076,
      "truth_HU_mean": 110.13214111328125,
      "abs_err_HU": 104.87518739700317
    },
    "R_Adrenal": {
      "n_voxels": 0,
      "pred_HU_mean": null,
      "truth_HU_mean": null
    },
    "L_Adrenal": {
      "n_voxels": 0,
      "pred_HU_mean": null,
      "truth_HU_mean": null
    },
    "Gallbladder": {
      "n_voxels": 996,
      "pred_HU_mean": 54.74909591674805,
      "truth_HU_mean": 34.0933723449707,
      "abs_err_HU": 20.655723571777344
    },
    "Esophagus": {
      "n_voxels": 0,
      "pred_HU_mean": null,
      "truth_HU_mean": null
    },
    "Stomach": {
      "n_voxels": 770,
      "pred_HU_mean": 13.236041069030762,
      "truth_HU_mean": 52.55194854736328,
      "abs_err_HU": 39.31590747833252
    },
    "Duodenum": {
      "n_voxels": 1610,
      "pred_HU_mean": 17.053075790405273,
      "truth_HU_mean": -13.485713958740234,
      "abs_err_HU": 30.538789749145508
    },
    "L_Kidney": {
      "n_voxels": 1888,
      "pred_HU_mean": 33.52082824707031,
      "truth_HU_mean": 113.94332885742188,
      "abs_err_HU": 80.42250061035156
    }
  },
  "sart": {
    "Liver": {
      "n_voxels": 3938,
      "pred_HU_mean": 7.693610668182373,
      "truth_HU_mean": 121.49669647216797,
      "abs_err_HU": 113.8030858039856
    },
    "R_Kidney": {
      "n_voxels": 651,
      "pred_HU_mean": 1.400740146636963,
      "truth_HU_mean": 136.90322875976562,
      "abs_err_HU": 135.50248861312866
    },
    "Spleen": {
      "n_voxels": 0,
      "pred_HU_mean": null,
      "truth_HU_mean": null
    },
    "Pancreas": {
      "n_voxels": 1861,
      "pred_HU_mean": 36.321659088134766,
      "truth_HU_mean": 54.81837844848633,
      "abs_err_HU": 18.496719360351562
    },
    "Aorta": {
      "n_voxels": 716,
      "pred_HU_mean": 52.6287956237793,
      "truth_HU_mean": 118.2094955444336,
      "abs_err_HU": 65.5806999206543
    },
    "IVC": {
      "n_voxels": 840,
      "pred_HU_mean": 50.187740325927734,
      "truth_HU_mean": 110.13214111328125,
      "abs_err_HU": 59.944400787353516
    },
    "R_Adrenal": {
      "n_voxels": 0,
      "pred_HU_mean": null,
      "truth_HU_mean": null
    },
    "L_Adrenal": {
      "n_voxels": 0,
      "pred_HU_mean": null,
      "truth_HU_mean": null
    },
    "Gallbladder": {
      "n_voxels": 996,
      "pred_HU_mean": 20.936668395996094,
      "truth_HU_mean": 34.0933723449707,
      "abs_err_HU": 13.15670394897461
    },
    "Esophagus": {
      "n_voxels": 0,
      "pred_HU_mean": null,
      "truth_HU_mean": null
    },
    "Stomach": {
      "n_voxels": 770,
      "pred_HU_mean": 5.09061861038208,
      "truth_HU_mean": 52.55194854736328,
      "abs_err_HU": 47.4613299369812
    },
    "Duodenum": {
      "n_voxels": 1610,
      "pred_HU_mean": 33.282527923583984,
      "truth_HU_mean": -13.485713958740234,
      "abs_err_HU": 46.76824188232422
    },
    "L_Kidney": {
      "n_voxels": 1888,
      "pred_HU_mean": -24.165748596191406,
      "truth_HU_mean": 113.94332885742188,
      "abs_err_HU": 138.10907745361328
    }
  },
  "sart_tv": {
    "Liver": {
      "n_voxels": 3938,
      "pred_HU_mean": 10.823875427246094,
      "truth_HU_mean": 121.49669647216797,
      "abs_err_HU": 110.67282104492188
    },
    "R_Kidney": {
      "n_voxels": 651,
      "pred_HU_mean": -7.1772260665893555,
      "truth_HU_mean": 136.90322875976562,
      "abs_err_HU": 144.08045482635498
    },
    "Spleen": {
      "n_voxels": 0,
      "pred_HU_mean": null,
      "truth_HU_mean": null
    },
    "Pancreas": {
      "n_voxels": 1861,
      "pred_HU_mean": 36.11209487915039,
      "truth_HU_mean": 54.81837844848633,
      "abs_err_HU": 18.706283569335938
    },
    "Aorta": {
      "n_voxels": 716,
      "pred_HU_mean": 61.45118713378906,
      "truth_HU_mean": 118.2094955444336,
      "abs_err_HU": 56.75830841064453
    },
    "IVC": {
      "n_voxels": 840,
      "pred_HU_mean": 57.56132888793945,
      "truth_HU_mean": 110.13214111328125,
      "abs_err_HU": 52.5708122253418
    },
    "R_Adrenal": {
      "n_voxels": 0,
      "pred_HU_mean": null,
      "truth_HU_mean": null
    },
    "L_Adrenal": {
      "n_voxels": 0,
      "pred_HU_mean": null,
      "truth_HU_mean": null
    },
    "Gallbladder": {
      "n_voxels": 996,
      "pred_HU_mean": 14.935413360595703,
      "truth_HU_mean": 34.0933723449707,
      "abs_err_HU": 19.157958984375
    },
    "Esophagus": {
      "n_voxels": 0,
      "pred_HU_mean": null,
      "truth_HU_mean": null
    },
    "Stomach": {
      "n_voxels": 770,
      "pred_HU_mean": -6.092288970947266,
      "truth_HU_mean": 52.55194854736328,
      "abs_err_HU": 58.64423751831055
    },
    "Duodenum": {
      "n_voxels": 1610,
      "pred_HU_mean": 33.81191635131836,
      "truth_HU_mean": -13.485713958740234,
      "abs_err_HU": 47.297630310058594
    },
    "L_Kidney": {
      "n_voxels": 1888,
      "pred_HU_mean": -38.77069091796875,
      "truth_HU_mean": 113.94332885742188,
      "abs_err_HU": 152.71401977539062
    }
  }
}