{
  "fbp": {
    "Liver": {
      "n_voxels": 3938,
      "pred_HU_mean": 867.7407836914062,
      "truth_HU_mean": 121.49669647216797,
      "abs_err_HU": 746.2440872192383
    },
    "R_Kidney": {
      "n_voxels": 651,
      "pred_HU_mean": 95.99593353271484,
      "truth_HU_mean": 136.90322875976562,
      "abs_err_HU": 40.90729522705078
    },
    "Spleen": {
      "n_voxels": 0,
      "pred_HU_mean": null,
      "truth_HU_mean": null
    },
    "Pancreas": {
      "n_voxels": 1861,
      "pred_HU_mean": 48.611263275146484,
      "truth_HU_mean": 54.81837844848633,
      "abs_err_HU": 6.207115173339844
    },
    "Aorta": {
      "n_voxels": 716,
      "pred_HU_mean": 89.18350982666016,
      "truth_HU_mean": 118.2094955444336,
      "abs_err_HU": 29.025985717773438
    },
    "IVC": {
      "n_voxels": 840,
      "pred_HU_mean": 25.40845489501953,
      "truth_HU_mean": 110.13214111328125,
      "abs_err_HU": 84.72368621826172
    },
    "R_Adrenal": {
      "n_voxels": 0,
      "pred_HU_mean": null,
      "truth_HU_mean": null
    },
    "L_Adrenal": {
      "n_voxels": 0,
      "pred_HU_mean": null,
      "truth_HU_mean": null
    },
    "Gallbladder": {
      "n_voxels": 996,
      "pred_HU_mean": 293.5922546386719,
      "truth_HU_mean": 34.0933723449707,
      "abs_err_HU": 259.4988822937012
    },
    "Esophagus": {
      "n_voxels": 0,
      "pred_HU_mean": null,
      "truth_HU_mean": null
    },
    "Stomach": {
      "n_voxels": 770,
      "pred_HU_mean": -30.6488037109375,
      "truth_HU_mean": 52.55194854736328,
      "abs_err_HU": 83.20075225830078
    },
    "Duodenum": {
      "n_voxels": 1610,
      "pred_HU_mean": -28.168254852294922,
      "truth_HU_mean": -13.485713958740234,
      "abs_err_HU": 14.682540893554688
    },
    "L_Kidney": {
      "n_voxels": 1888,
      "pred_HU_mean": 234.93463134765625,
      "truth_HU_mean": 113.94332885742188,
      "abs_err_HU": 120.99130249023438
    }
  },
  "sart": {
    "Liver": {
      "n_voxels": 3938,
      "pred_HU_mean": 336.85247802734375,
      "truth_HU_mean": 121.49669647216797,
      "abs_err_HU": 215.35578155517578
    },
    "R_Kidney": {
      "n_voxels": 651,
      "pred_HU_mean": 120.91339874267578,
      "truth_HU_mean": 136.90322875976562,
      "abs_err_HU": 15.989830017089844
    },
    "Spleen": {
      "n_voxels": 0,
      "pred_HU_mean": null,
      "truth_HU_mean": null
    },
    "Pancreas": {
      "n_voxels": 1861,
      "pred_HU_mean": 202.17007446289062,
      "truth_HU_mean": 54.81837844848633,
      "abs_err_HU": 147.3516960144043
    },
    "Aorta": {
      "n_voxels": 716,
      "pred_HU_mean": 234.10313415527344,
      "truth_HU_mean": 118.2094955444336,
      "abs_err_HU": 115.89363861083984
    },
    "IVC": {
      "n_voxels": 840,
      "pred_HU_mean": 140.48101806640625,
      "truth_HU_mean": 110.13214111328125,
      "abs_err_HU": 30.348876953125
    },
    "R_Adrenal": {
      "n_voxels": 0,
      "pred_HU_mean": null,
      "truth_HU_mean": null
    },
    "L_Adrenal": {
      "n_voxels": 0,
      "pred_HU_mean": null,
      "truth_HU_mean": null
    },
    "Gallbladder": {
      "n_voxels": 996,
      "pred_HU_mean": 217.18028259277344,
      "truth_HU_mean": 34.0933723449707,
      "abs_err_HU": 183.08691024780273
    },
    "Esophagus": {
      "n_voxels": 0,
      "pred_HU_mean": null,
      "truth_HU_mean": null
    },
    "Stomach": {
      "n_voxels": 770,
      "pred_HU_mean": 176.48497009277344,
      "truth_HU_mean": 52.55194854736328,
      "abs_err_HU": 123.93302154541016
    },
    "Duodenum": {
      "n_voxels": 1610,
      "pred_HU_mean": 180.4178009033203,
      "truth_HU_mean": -13.485713958740234,
      "abs_err_HU": 193.90351486206055
    },
    "L_Kidney": {
      "n_voxels": 1888,
      "pred_HU_mean": 268.7654724121094,
      "truth_HU_mean": 113.94332885742188,
      "abs_err_HU": 154.8221435546875
    }
  },
  "sart_tv": {
    "Liver": {
      "n_voxels": 3938,
      "pred_HU_mean": 276.61212158203125,
      "truth_HU_mean": 121.49669647216797,
      "abs_err_HU": 155.11542510986328
    },
    "R_Kidney": {
      "n_voxels": 651,
      "pred_HU_mean": 133.2355194091797,
      "truth_HU_mean": 136.90322875976562,
      "abs_err_HU": 3.6677093505859375
    },
    "Spleen": {
      "n_voxels": 0,
      "pred_HU_mean": null,
      "truth_HU_mean": null
    },
    "Pancreas": {
      "n_voxels": 1861,
      "pred_HU_mean": 283.8070373535156,
      "truth_HU_mean": 54.81837844848633,
      "abs_err_HU": 228.9886589050293
    },
    "Aorta": {
      "n_voxels": 716,
      "pred_HU_mean": 299.11041259765625,
      "truth_HU_mean": 118.2094955444336,
      "abs_err_HU": 180.90091705322266
    },
    "IVC": {
      "n_voxels": 840,
      "pred_HU_mean": 161.02273559570312,
      "truth_HU_mean": 110.13214111328125,
      "abs_err_HU": 50.890594482421875
    },
    "R_Adrenal": {
      "n_voxels": 0,
      "pred_HU_mean": null,
      "truth_HU_mean": null
    },
    "L_Adrenal": {
      "n_voxels": 0,
      "pred_HU_mean": null,
      "truth_HU_mean": null
    },
    "Gallbladder": {
      "n_voxels": 996,
      "pred_HU_mean": 264.29376220703125,
      "truth_HU_mean": 34.0933723449707,
      "abs_err_HU": 230.20038986206055
    },
    "Esophagus": {
      "n_voxels": 0,
      "pred_HU_mean": null,
      "truth_HU_mean": null
    },
    "Stomach": {
      "n_voxels": 770,
      "pred_HU_mean": 205.2001953125,
      "truth_HU_mean": 52.55194854736328,
      "abs_err_HU": 152.64824676513672
    },
    "Duodenum": {
      "n_voxels": 1610,
      "pred_HU_mean": 206.34169006347656,
      "truth_HU_mean": -13.485713958740234,
      "abs_err_HU": 219.8274040222168
    },
    "L_Kidney": {
      "n_voxels": 1888,
      "pred_HU_mean": 243.66189575195312,
      "truth_HU_mean": 113.94332885742188,
      "abs_err_HU": 129.71856689453125
    }
  }
}