{
  "fbp": {
    "Liver": {
      "n_voxels": 3699,
      "pred_HU_mean": 50.88297653198242,
      "truth_HU_mean": 120.2327651977539,
      "abs_err_HU": 69.34978866577148
    },
    "R_Kidney": {
      "n_voxels": 776,
      "pred_HU_mean": 50.624855041503906,
      "truth_HU_mean": 135.6791229248047,
      "abs_err_HU": 85.05426788330078
    },
    "Spleen": {
      "n_voxels": 0,
      "pred_HU_mean": null,
      "truth_HU_mean": null
    },
    "Pancreas": {
      "n_voxels": 2094,
      "pred_HU_mean": 37.1235237121582,
      "truth_HU_mean": 58.98185348510742,
      "abs_err_HU": 21.85832977294922
    },
    "Aorta": {
      "n_voxels": 685,
      "pred_HU_mean": 35.73520278930664,
      "truth_HU_mean": 117.55036163330078,
      "abs_err_HU": 81.81515884399414
    },
    "IVC": {
      "n_voxels": 877,
      "pred_HU_mean": 38.14139938354492,
      "truth_HU_mean": 107.86316680908203,
      "abs_err_HU": 69.72176742553711
    },
    "R_Adrenal": {
      "n_voxels": 0,
      "pred_HU_mean": null,
      "truth_HU_mean": null
    },
    "L_Adrenal": {
      "n_voxels": 0,
      "pred_HU_mean": null,
      "truth_HU_mean": null
    },
    "Gallbladder": {
      "n_voxels": 1096,
      "pred_HU_mean": 56.36101531982422,
      "truth_HU_mean": 28.76186180114746,
      "abs_err_HU": 27.599153518676758
    },
    "Esophagus": {
      "n_voxels": 0,
      "pred_HU_mean": null,
      "truth_HU_mean": null
    },
    "Stomach": {
      "n_voxels": 633,
      "pred_HU_mean": 40.784549713134766,
      "truth_HU_mean": 57.42811965942383,
      "abs_err_HU": 16.643569946289062
    },
    "Duodenum": {
      "n_voxels": 1563,
      "pred_HU_mean": 42.49067306518555,
      "truth_HU_mean": -30.03902816772461,
      "abs_err_HU": 72.52970123291016
    },
    "L_Kidney": {
      "n_voxels": 1837,
      "pred_HU_mean": 51.4904899597168,
      "truth_HU_mean": 114.29177856445312,
      "abs_err_HU": 62.80128860473633
    }
  },
  "sart": {
    "Liver": {
      "n_voxels": 3699,
      "pred_HU_mean": 45.97904968261719,
      "truth_HU_mean": 120.2327651977539,
      "abs_err_HU": 74.25371551513672
    },
    "R_Kidney": {
      "n_voxels": 776,
      "pred_HU_mean": 45.353721618652344,
      "truth_HU_mean": 135.6791229248047,
      "abs_err_HU": 90.32540130615234
    },
    "Spleen": {
      "n_voxels": 0,
      "pred_HU_mean": null,
      "truth_HU_mean": null
    },
    "Pancreas": {
      "n_voxels": 2094,
      "pred_HU_mean": 48.930747985839844,
      "truth_HU_mean": 58.98185348510742,
      "abs_err_HU": 10.051105499267578
    },
    "Aorta": {
      "n_voxels": 685,
      "pred_HU_mean": 50.9215202331543,
      "truth_HU_mean": 117.55036163330078,
      "abs_err_HU": 66.62884140014648
    },
    "IVC": {
      "n_voxels": 877,
      "pred_HU_mean": 50.586944580078125,
      "truth_HU_mean": 107.86316680908203,
      "abs_err_HU": 57.276222229003906
    },
    "R_Adrenal": {
      "n_voxels": 0,
      "pred_HU_mean": null,
      "truth_HU_mean": null
    },
    "L_Adrenal": {
      "n_voxels": 0,
      "pred_HU_mean": null,
      "truth_HU_mean": null
    },
    "Gallbladder": {
      "n_voxels": 1096,
      "pred_HU_mean": 47.3386116027832,
      "truth_HU_mean": 28.76186180114746,
      "abs_err_HU": 18.576749801635742
    },
    "Esophagus": {
      "n_voxels": 0,
      "pred_HU_mean": null,
      "truth_HU_mean": null
    },
    "Stomach": {
      "n_voxels": 633,
      "pred_HU_mean": 43.64479446411133,
      "truth_HU_mean": 57.42811965942383,
      "abs_err_HU": 13.7833251953125
    },
    "Duodenum": {
      "n_voxels": 1563,
      "pred_HU_mean": 48.177032470703125,
      "truth_HU_mean": -30.03902816772461,
      "abs_err_HU": 78.21606063842773
    },
    "L_Kidney": {
      "n_voxels": 1837,
      "pred_HU_mean": 41.709075927734375,
      "truth_HU_mean": 114.29177856445312,
      "abs_err_HU": 72.58270263671875
    }
  },
  "sart_tv": {
    "Liver": {
      "n_voxels": 3699,
      "pred_HU_mean": 45.705806732177734,
      "truth_HU_mean": 120.2327651977539,
      "abs_err_HU": 74.52695846557617
    },
    "R_Kidney": {
      "n_voxels": 776,
      "pred_HU_mean": 44.2463264465332,
      "truth_HU_mean": 135.6791229248047,
      "abs_err_HU": 91.43279647827148
    },
    "Spleen": {
      "n_voxels": 0,
      "pred_HU_mean": null,
      "truth_HU_mean": null
    },
    "Pancreas": {
      "n_voxels": 2094,
      "pred_HU_mean": 47.352752685546875,
      "truth_HU_mean": 58.98185348510742,
      "abs_err_HU": 11.629100799560547
    },
    "Aorta": {
      "n_voxels": 685,
      "pred_HU_mean": 49.3235969543457,
      "truth_HU_mean": 117.55036163330078,
      "abs_err_HU": 68.22676467895508
    },
    "IVC": {
      "n_voxels": 877,
      "pred_HU_mean": 48.9890251159668,
      "truth_HU_mean": 107.86316680908203,
      "abs_err_HU": 58.874141693115234
    },
    "R_Adrenal": {
      "n_voxels": 0,
      "pred_HU_mean": null,
      "truth_HU_mean": null
    },
    "L_Adrenal": {
      "n_voxels": 0,
      "pred_HU_mean": null,
      "truth_HU_mean": null
    },
    "Gallbladder": {
      "n_voxels": 1096,
      "pred_HU_mean": 45.951316833496094,
      "truth_HU_mean": 28.76186180114746,
      "abs_err_HU": 17.189455032348633
    },
    "Esophagus": {
      "n_voxels": 0,
      "pred_HU_mean": null,
      "truth_HU_mean": null
    },
    "Stomach": {
      "n_voxels": 633,
      "pred_HU_mean": 42.89938735961914,
      "truth_HU_mean": 57.42811965942383,
      "abs_err_HU": 14.528732299804688
    },
    "Duodenum": {
      "n_voxels": 1563,
      "pred_HU_mean": 46.84124755859375,
      "truth_HU_mean": -30.03902816772461,
      "abs_err_HU": 76.88027572631836
    },
    "L_Kidney": {
      "n_voxels": 1837,
      "pred_HU_mean": 41.50822448730469,
      "truth_HU_mean": 114.29177856445312,
      "abs_err_HU": 72.78355407714844
    }
  }
}
