{
  "step": "05_postprocess",
  "postprocessed": {
    "fbp": {
      "hu_range": [
        -1000.0,
        207.89491271972656
      ],
      "mu_air_pred": 0.005467885173857212,
      "a": 0.19701517897387025,
      "b": 0.01986651234074244,
      "n_fit_points": 10,
      "organ_stats": {
        "air": {
          "mu_pred": 0.005467885173857212,
          "mu_offset_pred": 0.0
        },
        "1": {
          "n_voxels": 3938.0,
          "mu_pred": 0.007765607442706823,
          "mu_offset_pred": 0.0022977222688496113,
          "mu_actual": 0.0218595,
          "hu_truth": 121.0
        },
        "2": {
          "n_voxels": 651.0,
          "mu_pred": 0.007596688345074654,
          "mu_offset_pred": 0.002128803636878729,
          "mu_actual": 0.0221715,
          "hu_truth": 137.0
        },
        "4": {
          "n_voxels": 1861.0,
          "mu_pred": 0.00389687973074615,
          "mu_offset_pred": -0.0015710053266957402,
          "mu_actual": 0.020572499999999997,
          "hu_truth": 55.0
        },
        "5": {
          "n_voxels": 716.0,
          "mu_pred": 0.0035337849985808134,
          "mu_offset_pred": -0.0019341001752763987,
          "mu_actual": 0.021800999999999997,
          "hu_truth": 118.0
        },
        "6": {
          "n_voxels": 840.0,
          "mu_pred": 0.004127036780118942,
          "mu_offset_pred": -0.0013408485101535916,
          "mu_actual": 0.021645,
          "hu_truth": 110.0
        },
        "9": {
          "n_voxels": 996.0,
          "mu_pred": 0.009249133989214897,
          "mu_offset_pred": 0.003781248815357685,
          "mu_actual": 0.020163,
          "hu_truth": 34.0
        },
        "11": {
          "n_voxels": 770.0,
          "mu_pred": 0.004915742203593254,
          "mu_offset_pred": -0.0005521432030946016,
          "mu_actual": 0.0205335,
          "hu_truth": 53.0
        },
        "12": {
          "n_voxels": 1610.0,
          "mu_pred": 0.0052935536950826645,
          "mu_offset_pred": -0.00017433172615710646,
          "mu_actual": 0.0192465,
          "hu_truth": -13.0
        },
        "13": {
          "n_voxels": 1888.0,
          "mu_pred": 0.00782521441578865,
          "mu_offset_pred": 0.0023573292419314384,
          "mu_actual": 0.021723000000000003,
          "hu_truth": 114.0
        }
      }
    },
    "sart": {
      "hu_range": [
        -1000.0,
        164.80345153808594
      ],
      "mu_air_pred": 0.009230171330273151,
      "a": 0.09146907147439466,
      "b": 0.019761990527924878,
      "n_fit_points": 10,
      "organ_stats": {
        "air": {
          "mu_pred": 0.009230171330273151,
          "mu_offset_pred": 0.0
        },
        "1": {
          "n_voxels": 3938.0,
          "mu_pred": 0.009930329397320747,
          "mu_offset_pred": 0.000700157368555665,
          "mu_actual": 0.0218595,
          "hu_truth": 121.0
        },
        "2": {
          "n_voxels": 651.0,
          "mu_pred": 0.010191434063017368,
          "mu_offset_pred": 0.0009612627909518778,
          "mu_actual": 0.0221715,
          "hu_truth": 137.0
        },
        "4": {
          "n_voxels": 1861.0,
          "mu_pred": 0.014407875947654247,
          "mu_offset_pred": 0.005177704151719809,
          "mu_actual": 0.020572499999999997,
          "hu_truth": 55.0
        },
        "5": {
          "n_voxels": 716.0,
          "mu_pred": 0.01862863451242447,
          "mu_offset_pred": 0.009398461319506168,
          "mu_actual": 0.021800999999999997,
          "hu_truth": 118.0
        },
        "6": {
          "n_voxels": 840.0,
          "mu_pred": 0.018042277544736862,
          "mu_offset_pred": 0.008812107145786285,
          "mu_actual": 0.021645,
          "hu_truth": 110.0
        },
        "9": {
          "n_voxels": 996.0,
          "mu_pred": 0.011686397716403008,
          "mu_offset_pred": 0.002456225920468569,
          "mu_actual": 0.020163,
          "hu_truth": 34.0
        },
        "11": {
          "n_voxels": 770.0,
          "mu_pred": 0.0066817100159823895,
          "mu_offset_pred": -0.002548461314290762,
          "mu_actual": 0.0205335,
          "hu_truth": 53.0
        },
        "12": {
          "n_voxels": 1610.0,
          "mu_pred": 0.013442141003906727,
          "mu_offset_pred": 0.004211970139294863,
          "mu_actual": 0.0192465,
          "hu_truth": -13.0
        },
        "13": {
          "n_voxels": 1888.0,
          "mu_pred": 0.0016701241256669164,
          "mu_offset_pred": -0.0075600468553602695,
          "mu_actual": 0.021723000000000003,
          "hu_truth": 114.0
        }
      }
    },
    "sart_tv": {
      "hu_range": [
        -1000.0,
        203.46148681640625
      ],
      "mu_air_pred": 0.010413743555545807,
      "a": 0.12044525071683064,
      "b": 0.019723325851524136,
      "n_fit_points": 10,
      "organ_stats": {
        "air": {
          "mu_pred": 0.010413743555545807,
          "mu_offset_pred": 0.0
        },
        "1": {
          "n_voxels": 3938.0,
          "mu_pred": 0.012376445345580578,
          "mu_offset_pred": 0.001962702488526702,
          "mu_actual": 0.0218595,
          "hu_truth": 121.0
        },
        "2": {
          "n_voxels": 651.0,
          "mu_pred": 0.010576251894235611,
          "mu_offset_pred": 0.00016250844055321068,
          "mu_actual": 0.0221715,
          "hu_truth": 137.0
        },
        "4": {
          "n_voxels": 1861.0,
          "mu_pred": 0.014611149206757545,
          "mu_offset_pred": 0.004197405185550451,
          "mu_actual": 0.020572499999999997,
          "hu_truth": 55.0
        },
        "5": {
          "n_voxels": 716.0,
          "mu_pred": 0.018640955910086632,
          "mu_offset_pred": 0.008227210491895676,
          "mu_actual": 0.021800999999999997,
          "hu_truth": 118.0
        },
        "6": {
          "n_voxels": 840.0,
          "mu_pred": 0.018042277544736862,
          "mu_offset_pred": 0.007628534454852343,
          "mu_actual": 0.021645,
          "hu_truth": 110.0
        },
        "9": {
          "n_voxels": 996.0,
          "mu_pred": 0.012113555334508419,
          "mu_offset_pred": 0.0016998109640553594,
          "mu_actual": 0.020163,
          "hu_truth": 34.0
        },
        "11": {
          "n_voxels": 770.0,
          "mu_pred": 0.008347933180630207,
          "mu_offset_pred": -0.002065809676423669,
          "mu_actual": 0.0205335,
          "hu_truth": 53.0
        },
        "12": {
          "n_voxels": 1610.0,
          "mu_pred": 0.014204866252839565,
          "mu_offset_pred": 0.0037911224644631147,
          "mu_actual": 0.0192465,
          "hu_truth": -13.0
        },
        "13": {
          "n_voxels": 1888.0,
          "mu_pred": 0.004270588979125023,
          "mu_offset_pred": -0.006143154110759497,
          "mu_actual": 0.021723000000000003,
          "hu_truth": 114.0
        }
      }
    }
  },
  "windows": {
    "lung": {
      "WW": 1500,
      "WL": -600
    },
    "mediastinum": {
      "WW": 400,
      "WL": 40
    },
    "bone": {
      "WW": 1800,
      "WL": 400
    },
    "soft": {
      "WW": 400,
      "WL": 50
    }
  },
  "out_dir": "D:\\OpenGATE\\ct_phantom_recon_v2\\output\\real_ct\\05_post"
}