{
  "step": "05_postprocess",
  "scan_mode": false,
  "active_denoise_params": [
    3,
    0.3,
    -1024,
    3071
  ],
  "denoise_scan": null,
  "postprocessed": {
    "fbp": {
      "hu_range": [
        -1000.0,
        78.37254333496094
      ],
      "mu_air_pred": 0.0054678767919540405,
      "a": 0.031739706625116895,
      "b": 0.020427567173904794,
      "n_fit_points": 11,
      "organ_stats": {
        "air": {
          "mu_pred": 0.0054678767919540405,
          "mu_offset_pred": 0.0
        },
        "1": {
          "n_voxels": 3938.0,
          "mu_pred": 0.007768076378852129,
          "mu_offset_pred": 0.002300199819728732,
          "mu_actual": 0.0218595,
          "hu_truth": 121.0
        },
        "2": {
          "n_voxels": 651.0,
          "mu_pred": 0.007584698032587767,
          "mu_offset_pred": 0.002116820774972439,
          "mu_actual": 0.0221715,
          "hu_truth": 137.0
        },
        "4": {
          "n_voxels": 1861.0,
          "mu_pred": 0.003898926079273224,
          "mu_offset_pred": -0.0015689507126808167,
          "mu_actual": 0.020572499999999997,
          "hu_truth": 55.0
        },
        "5": {
          "n_voxels": 716.0,
          "mu_pred": 0.0035341784823685884,
          "mu_offset_pred": -0.0019336981931701303,
          "mu_actual": 0.021800999999999997,
          "hu_truth": 118.0
        },
        "6": {
          "n_voxels": 840.0,
          "mu_pred": 0.004125244915485382,
          "mu_offset_pred": -0.001342632109299302,
          "mu_actual": 0.021645,
          "hu_truth": 110.0
        },
        "9": {
          "n_voxels": 996.0,
          "mu_pred": 0.00924052856862545,
          "mu_offset_pred": 0.0037726517766714096,
          "mu_actual": 0.020163,
          "hu_truth": 34.0
        },
        "11": {
          "n_voxels": 770.0,
          "mu_pred": 0.0049177855253219604,
          "mu_offset_pred": -0.0005500910920090973,
          "mu_actual": 0.0205335,
          "hu_truth": 53.0
        },
        "12": {
          "n_voxels": 1610.0,
          "mu_pred": 0.005294336471706629,
          "mu_offset_pred": -0.0001735396945150569,
          "mu_actual": 0.0192465,
          "hu_truth": -13.0
        },
        "13": {
          "n_voxels": 1888.0,
          "mu_pred": 0.007828271947801113,
          "mu_offset_pred": 0.0023603944573551416,
          "mu_actual": 0.021723000000000003,
          "hu_truth": 114.0
        },
        "high_density_anchor": {
          "n_voxels": 1566.0,
          "mu_pred": 0.004697414580732584,
          "mu_offset_pred": -0.0007704620365984738,
          "mu_actual": 0.024907601486206056,
          "hu_truth": 277.3128967285156,
          "method": "truth_hu_p95"
        }
      }
    },
    "sart": {
      "hu_range": [
        -1000.0,
        71.6587905883789
      ],
      "mu_air_pred": 0.009200398810207844,
      "a": 0.01,
      "b": 0.020528098522865853,
      "n_fit_points": 11,
      "organ_stats": {
        "air": {
          "mu_pred": 0.009200398810207844,
          "mu_offset_pred": 0.0
        },
        "1": {
          "n_voxels": 3938.0,
          "mu_pred": 0.00977189652621746,
          "mu_offset_pred": 0.0005714971921406686,
          "mu_actual": 0.0218595,
          "hu_truth": 121.0
        },
        "2": {
          "n_voxels": 651.0,
          "mu_pred": 0.009549015201628208,
          "mu_offset_pred": 0.000348616304108873,
          "mu_actual": 0.0221715,
          "hu_truth": 137.0
        },
        "4": {
          "n_voxels": 1861.0,
          "mu_pred": 0.014631710015237331,
          "mu_offset_pred": 0.005431311670690775,
          "mu_actual": 0.020572499999999997,
          "hu_truth": 55.0
        },
        "5": {
          "n_voxels": 716.0,
          "mu_pred": 0.018796956166625023,
          "mu_offset_pred": 0.009596557356417179,
          "mu_actual": 0.021800999999999997,
          "hu_truth": 118.0
        },
        "6": {
          "n_voxels": 840.0,
          "mu_pred": 0.01817924901843071,
          "mu_offset_pred": 0.008978850208222866,
          "mu_actual": 0.021645,
          "hu_truth": 110.0
        },
        "9": {
          "n_voxels": 996.0,
          "mu_pred": 0.011060113087296486,
          "mu_offset_pred": 0.001859715091995895,
          "mu_actual": 0.020163,
          "hu_truth": 34.0
        },
        "11": {
          "n_voxels": 770.0,
          "mu_pred": 0.006318612489849329,
          "mu_offset_pred": -0.002881786786019802,
          "mu_actual": 0.0205335,
          "hu_truth": 53.0
        },
        "12": {
          "n_voxels": 1610.0,
          "mu_pred": 0.013702258467674255,
          "mu_offset_pred": 0.004501859657466412,
          "mu_actual": 0.0192465,
          "hu_truth": -13.0
        },
        "13": {
          "n_voxels": 1888.0,
          "mu_pred": 0.0011871808674186468,
          "mu_offset_pred": -0.008013217709958553,
          "mu_actual": 0.021723000000000003,
          "hu_truth": 114.0
        },
        "high_density_anchor": {
          "n_voxels": 1566.0,
          "mu_pred": 0.001438733423128724,
          "mu_offset_pred": -0.007761665154248476,
          "mu_actual": 0.024907601486206056,
          "hu_truth": 277.3128967285156,
          "method": "truth_hu_p95"
        }
      }
    },
    "sart_tv": {
      "hu_range": [
        -1000.0,
        71.67769622802734
      ],
      "mu_air_pred": 0.010666116140782833,
      "a": 0.01,
      "b": 0.020531452638859377,
      "n_fit_points": 11,
      "organ_stats": {
        "air": {
          "mu_pred": 0.010666116140782833,
          "mu_offset_pred": 0.0
        },
        "1": {
          "n_voxels": 3938.0,
          "mu_pred": 0.012604977004230022,
          "mu_offset_pred": 0.0019388616783544421,
          "mu_actual": 0.0218595,
          "hu_truth": 121.0
        },
        "2": {
          "n_voxels": 651.0,
          "mu_pred": 0.010830734856426716,
          "mu_offset_pred": 0.0001646186865400523,
          "mu_actual": 0.0221715,
          "hu_truth": 137.0
        },
        "4": {
          "n_voxels": 1861.0,
          "mu_pred": 0.014808448031544685,
          "mu_offset_pred": 0.004142331425100565,
          "mu_actual": 0.020572499999999997,
          "hu_truth": 55.0
        },
        "5": {
          "n_voxels": 716.0,
          "mu_pred": 0.01883672922849655,
          "mu_offset_pred": 0.008170613087713718,
          "mu_actual": 0.021800999999999997,
          "hu_truth": 118.0
        },
        "6": {
          "n_voxels": 840.0,
          "mu_pred": 0.01817924901843071,
          "mu_offset_pred": 0.007513132411986589,
          "mu_actual": 0.021645,
          "hu_truth": 110.0
        },
        "9": {
          "n_voxels": 996.0,
          "mu_pred": 0.012391803786158562,
          "mu_offset_pred": 0.0017256872961297631,
          "mu_actual": 0.020163,
          "hu_truth": 34.0
        },
        "11": {
          "n_voxels": 770.0,
          "mu_pred": 0.008015476167201996,
          "mu_offset_pred": -0.002650640206411481,
          "mu_actual": 0.0205335,
          "hu_truth": 53.0
        },
        "12": {
          "n_voxels": 1610.0,
          "mu_pred": 0.014519225805997849,
          "mu_offset_pred": 0.003853108733892441,
          "mu_actual": 0.0192465,
          "hu_truth": -13.0
        },
        "13": {
          "n_voxels": 1888.0,
          "mu_pred": 0.004780692979693413,
          "mu_offset_pred": -0.00588542316108942,
          "mu_actual": 0.021723000000000003,
          "hu_truth": 114.0
        },
        "high_density_anchor": {
          "n_voxels": 1566.0,
          "mu_pred": 0.004387202672660351,
          "mu_offset_pred": -0.00627891393378377,
          "mu_actual": 0.024907601486206056,
          "hu_truth": 277.3128967285156,
          "method": "truth_hu_p95"
        }
      }
    }
  },
  "windows": {
    "lung": {
      "WW": 1500,
      "WL": -600
    },
    "mediastinum": {
      "WW": 400,