{
  "step": "05_postprocess",
  "scan_mode": false,
  "active_denoise_params": [
    3,
    0.3,
    -1024,
    3071
  ],
  "denoise_scan": null,
  "postprocessed": {
    "fbp": {
      "hu_range": [
        -1000.0,
        61.85451889038086
      ],
      "mu_air_pred": 0.0049369060434401035,
      "a": 0.04,
      "b": 0.0195,
      "n_fit_points": 4,
      "organ_stats": {
        "air": {
          "mu_pred": 0.0049369060434401035,
          "mu_offset_pred": 0.0
        },
        "5": {
          "n_voxels": 994.0,
          "mu_pred": 0.012784214690327644,
          "mu_offset_pred": 0.007847308181226254,
          "mu_actual": 0.021800999999999997,
          "hu_truth": 118.0
        },
        "high_density_anchor": {
          "n_voxels": 1145.0,
          "mu_pred": 0.004933732096105814,
          "mu_offset_pred": -3.1748193123348756e-06,
          "mu_actual": 0.023640659088134765,
          "hu_truth": 212.34149169921875,
          "method": "truth_hu_p95"
        },
        "__fallback__": {
          "method": "fixed_ab",
          "n_fit_points": 3.0,
          "threshold": 8.0,
          "A_FALLBACK": 0.04
        }
      }
    },
    "sart": {
      "hu_range": [
        -1000.0,
        99.42943572998047
      ],
      "mu_air_pred": 0.00660667335614562,
      "a": 0.04,
      "b": 0.0195,
      "n_fit_points": 4,
      "organ_stats": {
        "air": {
          "mu_pred": 0.00660667335614562,
          "mu_offset_pred": 0.0
        },
        "5": {
          "n_voxels": 994.0,
          "mu_pred": 0.0034784930758178234,
          "mu_offset_pred": -0.003128180280327797,
          "mu_actual": 0.021800999999999997,
          "hu_truth": 118.0
        },
        "high_density_anchor": {
          "n_voxels": 1145.0,
          "mu_pred": 0.0030970631632953882,
          "mu_offset_pred": -0.003509610192850232,
          "mu_actual": 0.023640659088134765,
          "hu_truth": 212.34149169921875,
          "method": "truth_hu_p95"
        },
        "__fallback__": {
          "method": "fixed_ab",
          "n_fit_points": 3.0,
          "threshold": 8.0,
          "A_FALLBACK": 0.04
        }
      }
    },
    "sart_tv": {
      "hu_range": [
        -1000.0,
        92.30252838134766
      ],
      "mu_air_pred": 0.010081049054861069,
      "a": 0.04,
      "b": 0.0195,
      "n_fit_points": 4,
      "organ_stats": {
        "air": {
          "mu_pred": 0.010081049054861069,
          "mu_offset_pred": 0.0
        },
        "5": {
          "n_voxels": 994.0,
          "mu_pred": 0.005288556218147278,
          "mu_offset_pred": -0.004792492836713791,
          "mu_actual": 0.021800999999999997,
          "hu_truth": 118.0
        },
        "high_density_anchor": {
          "n_voxels": 1145.0,
          "mu_pred": 0.0067841666750609875,
          "mu_offset_pred": -0.0032968821469694376,
          "mu_actual": 0.023640659088134765,
          "hu_truth": 212.34149169921875,
          "method": "truth_hu_p95"
        },
        "__fallback__": {
          "method": "fixed_ab",
          "n_fit_points": 3.0,
          "threshold": 8.0,
          "A_FALLBACK": 0.04
        }
      }
    }
  },
  "windows": {
    "lung": {
      "WW": 1500,
      "WL": -600
    },
    "mediastinum": {
      "WW": 400,
      "WL": 40
    },
    "bone": {
      "WW": 1800,
      "WL": 400
    },
    "soft": {
      "WW": 400,
      "WL": 50
    }
  },
  "out_dir": "D:\\OpenGATE\\ct_phantom_recon_v2\\output\\real_ct\\05_post"
}
