{
  "step": "05_postprocess",
  "postprocessed": {
    "fbp": {
      "hu_range": [
        -1000.0,
        78.43248748779297
      ],
      "mu_air_pred": 0.005467885173857212,
      "a": 0.03216827094184176,
      "b": 0.020427356266908614,
      "n_fit_points": 11,
      "organ_stats": {
        "air": {
          "mu_pred": 0.005467885173857212,
          "mu_offset_pred": 0.0
        },
        "1": {
          "n_voxels": 3938.0,
          "mu_pred": 0.007765607442706823,
          "mu_offset_pred": 0.0022977222688496113,
          "mu_actual": 0.0218595,
          "hu_truth": 121.0
        },
        "2": {
          "n_voxels": 651.0,
          "mu_pred": 0.007596688345074654,
          "mu_offset_pred": 0.002128803636878729,
          "mu_actual": 0.0221715,
          "hu_truth": 137.0
        },
        "4": {
          "n_voxels": 1861.0,
          "mu_pred": 0.00389687973074615,
          "mu_offset_pred": -0.0015710053266957402,
          "mu_actual": 0.020572499999999997,
          "hu_truth": 55.0
        },
        "5": {
          "n_voxels": 716.0,
          "mu_pred": 0.0035337849985808134,
          "mu_offset_pred": -0.0019341001752763987,
          "mu_actual": 0.021800999999999997,
          "hu_truth": 118.0
        },
        "6": {
          "n_voxels": 840.0,
          "mu_pred": 0.004127036780118942,
          "mu_offset_pred": -0.0013408485101535916,
          "mu_actual": 0.021645,
          "hu_truth": 110.0
        },
        "9": {
          "n_voxels": 996.0,
          "mu_pred": 0.009249133989214897,
          "mu_offset_pred": 0.003781248815357685,
          "mu_actual": 0.020163,
          "hu_truth": 34.0
        },
        "11": {
          "n_voxels": 770.0,
          "mu_pred": 0.004915742203593254,
          "mu_offset_pred": -0.0005521432030946016,
          "mu_actual": 0.0205335,
          "hu_truth": 53.0
        },
        "12": {
          "n_voxels": 1610.0,
          "mu_pred": 0.0052935536950826645,
          "mu_offset_pred": -0.00017433172615710646,
          "mu_actual": 0.0192465,
          "hu_truth": -13.0
        },
        "13": {
          "n_voxels": 1888.0,
          "mu_pred": 0.00782521441578865,
          "mu_offset_pred": 0.0023573292419314384,
          "mu_actual": 0.021723000000000003,
          "hu_truth": 114.0
        },
        "high_density_anchor": {
          "n_voxels": 1566.0,
          "mu_pred": 0.004698647186160088,
          "mu_offset_pred": -0.0007692374638281763,
          "mu_actual": 0.024907601486206056,
          "hu_truth": 277.3128967285156,
          "method": "truth_hu_p95"
        }
      }
    },
    "sart": {
      "hu_range": [
        -1000.0,
        200.33999633789062
      ],
      "mu_air_pred": 0.009199499152600765,
      "a": -0.07287845743207247,
      "b": 0.020528041878390996,
      "n_fit_points": 11,
      "organ_stats": {
        "air": {
          "mu_pred": 0.009199499152600765,
          "mu_offset_pred": 0.0
        },
        "1": {
          "n_voxels": 3938.0,
          "mu_pred": 0.009777603670954704,
          "mu_offset_pred": 0.000578103878069669,
          "mu_actual": 0.0218595,
          "hu_truth": 121.0
        },
        "2": {
          "n_voxels": 651.0,
          "mu_pred": 0.009544488042593002,
          "mu_offset_pred": 0.00034498985041864216,
          "mu_actual": 0.0221715,
          "hu_truth": 137.0
        },
        "4": {
          "n_voxels": 1861.0,
          "mu_pred": 0.014630606397986412,
          "mu_offset_pred": 0.005431107245385647,
          "mu_actual": 0.020572499999999997,
          "hu_truth": 55.0
        },
        "5": {
          "n_voxels": 716.0,
          "mu_pred": 0.01879676803946495,
          "mu_offset_pred": 0.00959726795554161,
          "mu_actual": 0.021800999999999997,
          "hu_truth": 118.0
        },
        "6": {
          "n_voxels": 840.0,
          "mu_pred": 0.01817958429455757,
          "mu_offset_pred": 0.00898008607327938,
          "mu_actual": 0.021645,
          "hu_truth": 110.0
        },
        "9": {
          "n_voxels": 996.0,
          "mu_pred": 0.011052991263568401,
          "mu_offset_pred": 0.0018534919945523143,
          "mu_actual": 0.020163,
          "hu_truth": 34.0
        },
        "11": {
          "n_voxels": 770.0,
          "mu_pred": 0.006307812873274088,
          "mu_offset_pred": -0.0028916860464960337,
          "mu_actual": 0.0205335,
          "hu_truth": 53.0
        },
        "12": {
          "n_voxels": 1610.0,
          "mu_pred": 0.013707665726542473,
          "mu_offset_pred": 0.00450816610828042,
          "mu_actual": 0.0192465,
          "hu_truth": -13.0
        },
        "13": {
          "n_voxels": 1888.0,
          "mu_pred": 0.0011928825406357646,
          "mu_offset_pred": -0.008006617426872253,
          "mu_actual": 0.021723000000000003,
          "hu_truth": 114.0
        },
        "high_density_anchor": {
          "n_voxels": 1566.0,
          "mu_pred": 0.0014467097353190184,
          "mu_offset_pred": -0.007752789184451103,
          "mu_actual": 0.024907601486206056,
          "hu_truth": 277.3128967285156,
          "method": "truth_hu_p95"
        }
      }
    },
    "sart_tv": {
      "hu_range": [
        -1000.0,
        93.87654876708984
      ],
      "mu_air_pred": 0.010660689324140549,
      "a": -0.07498129066552259,
      "b": 0.020531239982371975,
      "n_fit_points": 11,
      "organ_stats": {
        "air": {
          "mu_pred": 0.010660689324140549,
          "mu_offset_pred": 0.0
        },
        "1": {
          "n_voxels": 3938.0,
          "mu_pred": 0.012614035978913307,
          "mu_offset_pred": 0.001953345723450184,
          "mu_actual": 0.0218595,
          "hu_truth": 121.0
        },
        "2": {
          "n_voxels": 651.0,
          "mu_pred": 0.010848293080925941,
          "mu_offset_pred": 0.00018760273815132678,
          "mu_actual": 0.0221715,
          "hu_truth": 137.0
        },
        "4": {
          "n_voxels": 1861.0,
          "mu_pred": 0.014809895306825638,
          "mu_offset_pred": 0.004149206448346376,
          "mu_actual": 0.020572499999999997,
          "hu_truth": 55.0
        },
        "5": {
          "n_voxels": 716.0,
          "mu_pred": 0.018836135044693947,
          "mu_offset_pred": 0.008175444789230824,
          "mu_actual": 0.021800999999999997,
          "hu_truth": 118.0
        },
        "6": {
          "n_voxels": 840.0,
          "mu_pred": 0.01817958429455757,
          "mu_offset_pred": 0.00751889543607831,
          "mu_actual": 0.021645,
          "hu_truth": 110.0
        },
        "9": {
          "n_voxels": 996.0,
          "mu_pred": 0.01238397229462862,
          "mu_offset_pred": 0.0017232828540727496,
          "mu_actual": 0.020163,
          "hu_truth": 34.0
        },
        "11": {
          "n_voxels": 770.0,
          "mu_pred": 0.007992207072675228,
          "mu_offset_pred": -0.0026684822514653206,
          "mu_actual": 0.0205335,
          "hu_truth": 53.0
        },
        "12": {
          "n_voxels": 1610.0,
          "mu_pred": 0.014524519443511963,
          "mu_offset_pred": 0.0038638298865407705,
          "mu_actual": 0.0192465,
          "hu_truth": -13.0
        },
        "13": {
          "n_voxels": 1888.0,
          "mu_pred": 0.0047685736790299416,
          "mu_offset_pred": -0.005892115645110607,
          "mu_actual": 0.021723000000000003,
          "hu_truth": 114.0
        },
        "high_density_anchor": {
          "n_voxels": 1566.0,
          "mu_pred": 0.004385100677609444,
          "mu_offset_pred": -0.006275588646531105,
          "mu_actual": 0.024907601486206056,
          "hu_truth": 277.3128967285156,
          "method": "truth_hu_p95"
        }
      }
    }
  },
  "windows": {
    "lung": {
      "WW": 1500,
      "WL": -600
    },
    "mediastinum": {
      "WW": 400,
      "WL": 40
    },
    "bone": {
      "WW": 1800,
      "WL": 400
    },